_c0,userid,username,acctdesc,location,following,followers,totaltweets,usercreatedts,tweetid,tweetcreatedts,retweetcount,text,hashtags,language,coordinates,favorite_count,extractedts
0,1000,7702020m,,,10,1080,100,2020-01-01 00:00:00,1565716513537015808,2022-09-02 15:01:21.090,0,"@oliav770 🤣🤣🤣
על דובי היה לי ביטחון 
א' אתמול עשינו ביחד תיאום לוחות זמנים לחצי שנה הקרובה 
ב' יש לפניו😅",[],iw,,0,2022-04-01 00:00:00.000000
1,1001,jerrymwolverine,,,10,200,100,2020-01-01 00:00:00,1525625804499066880,2022-05-14 23:55:11.206,40,"A true leader knows the difference between true allies and politicians delivering lip service. 
As evidenced by this photo, @ZelenskyyUa definitely knows what time it is. #IStandWithUkraine #StandWithUkraine https://t.co/gpNoj3ZuQ7",[],en,,0,2022-04-01 00:00:00.000000
2,1002,Raulmarcel1,,,10,161,100,2020-01-01 00:00:00,1636166506097569793,2023-03-16 00:44:28.214,10,"Сьогодні відкрили ще два мости на Миколаївщині, які були зруйновані російськими окупантами.
Один через річку Інгул у Воскресенській громаді та інший через річку Інгулець у Снігурівській громаді
#RussiaIsATerroristState #StandWithUkraine #Украина #UkraineNews #UkraineRussianWar https://t.co/omJzQA9G0g","[{'text': 'RussiaIsATerroristState', 'indices': [194, 218]}, {'text': 'StandWithUkraine', 'indices': [219, 236]}, {'text': 'Украина', 'indices': [237, 245]}, {'text': 'UkraineNews', 'indices': [246, 258]}, {'text': 'UkraineRussianWar', 'indices': [259, 277]}]",uk,,0,2022-04-01 00:00:00.000000
3,1003,andrewsmhay,,,10,16301,100,2020-01-01 00:00:00,1530324981443399683,2022-05-27 23:08:02.296,0,Windows 11 KB5014019 breaks Trend Micro ransomware protection - https://t.co/VxFLV9LorH #news https://t.co/TmrjjlwtID,"[{'text': 'news', 'indices': [88, 93]}]",en,,0,2022-04-01 00:00:00.000000
4,1004,Radainii,,,10,646,100,2020-01-01 00:00:00,1648419192784437248,2023-04-18 20:12:16.364,0,"دخلت بيوت الماساي وعرفت كل طبايعهم

#رديني_العجمي 
#السياحة #أفريقيا #اوروبا #رديني #أمريكا #مصر #السعودية #الكويت #الامارات #UAE #KSA #USA #Travel #Indian #China #Pakistan #Russia #النمسا #سويسرا #Egypt #Ukraine #explorepage #fyp #traveltheworld #رديني @radaini #radaini https://t.co/jeVg98hjqH","[{'text': 'رديني_العجمي', 'indices': [36, 49]}, {'text': 'السياحة', 'indices': [51, 59]}, {'text': 'أفريقيا', 'indices': [60, 68]}, {'text': 'اوروبا', 'indices': [69, 76]}, {'text': 'رديني', 'indices': [77, 83]}, {'text': 'أمريكا', 'indices': [84, 91]}, {'text': 'مصر', 'indices': [92, 96]}, {'text': 'السعودية', 'indices': [97, 106]}, {'text': 'الكويت', 'indices': [107, 114]}, {'text': 'الامارات', 'indices': [115, 124]}, {'text': 'UAE', 'indices': [125, 129]}, {'text': 'KSA', 'indices': [130, 134]}, {'text': 'USA', 'indices': [135, 139]}, {'text': 'Travel', 'indices': [140, 147]}, {'text': 'Indian', 'indices': [148, 155]}, {'text': 'China', 'indices': [156, 162]}, {'text': 'Pakistan', 'indices': [163, 172]}, {'text': 'Russia', 'indices': [173, 180]}, {'text': 'النمسا', 'indices': [181, 188]}, {'text': 'سويسرا', 'indices': [189, 196]}, {'text': 'Egypt', 'indices': [197, 203]}, {'text': 'Ukraine', 'indices': [204, 212]}, {'text': 'explorepage', 'indices': [213, 225]}, {'text': 'fyp', 'indices': [226, 230]}, {'text': 'traveltheworld', 'indices': [231, 246]}, {'text': 'رديني', 'indices': [247, 253]}, {'text': 'radaini', 'indices': [263, 271]}]",ar,,0,2022-04-01 00:00:00.000000
5,1005,JeffreyLindahl,,,10,611,100,2020-01-01 00:00:00,1633227002214862848,2023-03-07 22:03:55.875,838,"This prisoner of war was murdered for shouting ""Glory to Ukraine"". I say glory to this hero.

#StopTheWar #Ukraine #WeAreAllUkrainians #FreeUkraine https://t.co/FkKGNApVv6","[{'text': 'StopTheWar', 'indices': [94, 105]}, {'text': 'Ukraine', 'indices': [106, 114]}, {'text': 'WeAreAllUkrainians', 'indices': [115, 134]}, {'text': 'FreeUkraine', 'indices': [135, 147]}]",en,,0,2022-04-01 00:00:00.000000
6,1006,IvanovSp88,,,10,68,100,2020-01-01 00:00:00,1566748424753512450,2022-09-05 11:21:47.896,0,"Ей пес, будеш майонез? https://t.co/ba0NwGz6fD",[],ru,,0,2022-04-01 00:00:00.000000
7,1007,umweltzeitung,,,10,547,100,2020-01-01 00:00:00,1530311120224919554,2022-05-27 22:12:57.524,1,"Der Krieg P.-#Russland|s gegen die #Ukraine dauert schon 12Wo. Seit dem Generalangriff am 24. Feb.'22 werden ganze Städte komplett zerstört, tausende Menschen getötet.#Mariupol
Wir haben geeignete Waffen versprochen,aber bis heute nicht geliefert.
Was meinen Sie: Ist das richtig?","[{'text': 'Russland', 'indices': [30, 39]}, {'text': 'Ukraine', 'indices': [52, 60]}]",de,,0,2022-04-01 00:00:00.000000
8,1008,GeorgesORWELL2,,,10,393,100,2020-01-01 00:00:00,1647698919416123394,2023-04-16 20:30:09.811,82,"Le président brésilien Lula appelle les États-Unis à arrêter d'encourager la guerre en #Ukraine
https://t.co/uQkPvAw2V1","[{'text': 'Ukraine', 'indices': [87, 95]}]",fr,,0,2022-04-01 00:00:00.000000
9,1009,alaskarebel,,,10,13469,100,2020-01-01 00:00:00,1518268793759453184,2022-04-24 16:41:03.159,1163,"Just like in #Syria, #Russia is using the UR-77 de-mining system to devastate urban, residential areas in #Ukraine.

The “Meteorit” system fires a high-explosive “rope” which is detonated with a brutal effect across a ~300ft radius.

Watch to the end:

https://t.co/iUYigiaUnd","[{'text': 'Syria', 'indices': [33, 39]}, {'text': 'Russia', 'indices': [41, 48]}, {'text': 'Ukraine', 'indices': [126, 134]}]",en,,0,2022-04-01 00:00:00.000000
10,1010,Udgin,,,10,88,100,2020-01-01 00:00:00,1592111100161855489,2022-11-14 11:04:00.929,0,"Якось боляче таке читати 😕 скільки загинуло, поранених, закатовано... і це ""... просто нам отдалі"" https://t.co/TjQ6piFC0j",[],uk,,0,2022-04-01 00:00:00.000000
11,1011,PhD_Diawara,,,10,2607,100,2020-01-01 00:00:00,1623663826070646785,2023-02-09 12:43:17.007,0,"L'argument victimaire en #Afrique:

""Les occ aident l'🇺🇦,déversent des armes lourdes,donnent des milliards de $ et abandonnent l'🌍"".

Vrai.C'est injuste,et tt aurait été simple si #Zelensky avait fuit,ls soldats 🇺🇦 s'étaient repliés,pris le pouv et amusé la galerie.

La misère !","[{'text': 'Afrique', 'indices': [25, 33]}, {'text': 'Zelensky', 'indices': [180, 189]}]",fr,,0,2022-04-01 00:00:00.000000
12,1012,Btrips_Project,,,10,12393,100,2020-01-01 00:00:00,1597795229905702912,2022-11-30 03:30:43.066,0,"During a speech in Moscow, Vladimir Putin attacked the monopoly in international financial payment systems and urged for a free-standing, blockchain-based settlement network.

More of this on our Medium page!

#BTRIPS #Putin #Blockchain #BlockchainNews #VladimirPutin https://t.co/FTX8Od8SsX","[{'text': 'BTRIPS', 'indices': [210, 217]}, {'text': 'Putin', 'indices': [218, 224]}, {'text': 'Blockchain', 'indices': [225, 236]}, {'text': 'BlockchainNews', 'indices': [237, 252]}, {'text': 'VladimirPutin', 'indices': [253, 267]}]",en,,2,2022-04-01 00:00:00.000000
13,1013,MarkoMa10317979,,,10,12,100,2020-01-01 00:00:00,1532075151231053824,2022-06-01 19:02:35.290,0,"@BILD #NaziOlafScholz, #Russischer #PutinMann, #OlafScholz denkt, #Russland sei eine #Sowjetunion oder #Kommunismus oder #Sozialismus, und #Russland sei ein #Imperium, das zaristische #Russland mit dem ersten #kapitalistischen #Zaren #Putin. https://t.co/o1CaMhBUAh","[{'text': 'NaziOlafScholz', 'indices': [6, 21]}, {'text': 'Russischer', 'indices': [23, 34]}, {'text': 'PutinMann', 'indices': [35, 45]}, {'text': 'OlafScholz', 'indices': [47, 58]}, {'text': 'Russland', 'indices': [66, 75]}, {'text': 'Sowjetunion', 'indices': [85, 97]}, {'text': 'Kommunismus', 'indices': [103, 115]}, {'text': 'Sozialismus', 'indices': [121, 133]}, {'text': 'Russland', 'indices': [139, 148]}, {'text': 'Imperium', 'indices': [157, 166]}, {'text': 'Russland', 'indices': [184, 193]}, {'text': 'kapitalistischen', 'indices': [209, 226]}, {'text': 'Zaren', 'indices': [227, 233]}, {'text': 'Putin', 'indices': [234, 240]}]",de,,2,2022-04-01 00:00:00.000000
14,1014,topshelfNERDS,,,10,15,100,2020-01-01 00:00:00,1621740816807903233,2023-02-04 05:21:55.871,0,Not so clever girl….. #china #nerd #balloon #chinaballoon #security #spy #unitedstates #jurassicpark #topshelfnerds https://t.co/bO4OTQzJ8T,"[{'text': 'china', 'indices': [22, 28]}, {'text': 'nerd', 'indices': [29, 34]}, {'text': 'balloon', 'indices': [35, 43]}, {'text': 'chinaballoon', 'indices': [44, 57]}, {'text': 'security', 'indices': [58, 67]}, {'text': 'spy', 'indices': [68, 72]}, {'text': 'unitedstates', 'indices': [73, 86]}, {'text': 'jurassicpark', 'indices': [87, 100]}, {'text': 'topshelfnerds', 'indices': [101, 115]}]",en,,0,2022-04-01 00:00:00.000000
15,1015,prestovna,,,10,93,100,2020-01-01 00:00:00,1526205487489982464,2022-05-16 14:18:38.401,39,"🌾 Dans les régions occupées, l’armée russe vole des machines agricoles, vide les silos de céréales pour les envoyer vers la Russie ou les revendre, et fait pression sur les agriculteurs. #Pillage #Ukraine https://t.co/ANzvzwO02F",[],fr,,0,2022-04-01 00:00:00.000000
16,1016,EnglishRitam,,,10,53,100,2020-01-01 00:00:00,1633324603215937537,2023-03-08 04:31:45.767,0,"US State Dept spokesperson #NedPrice to step down, work directly for #AntonyBlinken 

#USA #antonyblinken #BidenAdministration #JoeBiden https://t.co/Z2L5Kh2XV0","[{'text': 'NedPrice', 'indices': [27, 36]}, {'text': 'AntonyBlinken', 'indices': [69, 83]}, {'text': 'USA', 'indices': [86, 90]}, {'text': 'antonyblinken', 'indices': [91, 105]}, {'text': 'BidenAdministration', 'indices': [106, 126]}, {'text': 'JoeBiden', 'indices': [127, 136]}]",en,,0,2022-04-01 00:00:00.000000
17,1017,KnoxRotzloffel,,,10,1071,100,2020-01-01 00:00:00,1531294216827043840,2022-05-30 15:19:26.019,126,"""Russian soldiers, you've listened to my previous advice to surrender, 7 of you did. Find a white cloth and wave it and you will live. There is nothing good waiting for you in the direction of #Kherson.""

Partial translation. @mdmitri91 to the rescue?

Glory to #Ukraine https://t.co/1wDM163lyA",[],en,,0,2022-04-01 00:00:00.000000
18,1018,LuisJ_Rodrigues,,,10,91,100,2020-01-01 00:00:00,1511404793960570880,2022-04-05 18:05:58.080,222,That's the reason why we can't stop... You can't stop... We must do everything we can to make the murderer Putin pay for this! #PutinWarCrimes #Anonymous #OpRussia https://t.co/PtBLH40C1t,[],en,,0,2022-04-01 00:00:00.000000
19,1019,dmitry_gordon,,,10,158656,100,2020-01-01 00:00:00,1640289901835870208,2023-03-27 09:49:22.367,2,"Віктор #Таран: Не знаю, що страшніше й гидкіше. Зґвалтування неповнолітньої трьома хлопцями чи те, що правоохоронці й судді покривали ґвалтівників?
#Україна #росія #ЗСУ #війна #агрессияроссии #stoprussia #войнасукраиной #Війнапутіна #Украина #россия #ВСУ
https://t.co/EHAelDjXqa","[{'text': 'Таран', 'indices': [7, 13]}, {'text': 'Україна', 'indices': [148, 156]}, {'text': 'росія', 'indices': [157, 163]}, {'text': 'ЗСУ', 'indices': [164, 168]}, {'text': 'війна', 'indices': [169, 175]}, {'text': 'агрессияроссии', 'indices': [176, 191]}, {'text': 'stoprussia', 'indices': [192, 203]}, {'text': 'войнасукраиной', 'indices': [204, 219]}, {'text': 'Війнапутіна', 'indices': [220, 232]}, {'text': 'Украина', 'indices': [233, 241]}, {'text': 'россия', 'indices': [242, 249]}, {'text': 'ВСУ', 'indices': [250, 254]}]",uk,,16,2022-04-01 00:00:00.000000
20,1020,glueckschluesel,,,10,741,100,2020-01-01 00:00:00,1531173063177523202,2022-05-30 07:18:00.738,5,"It's hilarious to see especially a British defense intelligence and the so called #NATO commanders who lead that chaotic, unplanned, unorganized mess withdrawal from afghanistan tried to give some analysis regarding the #RussianArmy special operations in #Ukraine","[{'text': 'NATO', 'indices': [96, 101]}]",en,,0,2022-04-01 00:00:00.000000
21,1021,Conn18149866,,,10,132,100,2020-01-01 00:00:00,1527975222887997440,2022-05-21 11:30:56.200,289,"Orwellian: @FoxNews interviews ex-leader of far-right Right Sector in Odesa in #Ukraine &amp; calls him Ukrainian activist who ""fought #Russian militants in 2014."" He is charged with murder. Right Sector perpetrated Odesa massacre in 2014. https://t.co/Kt8ZkiB6In","[{'text': 'Ukraine', 'indices': [99, 107]}]",en,,0,2022-04-01 00:00:00.000000
22,1022,sebasrock156,,,10,873,100,2020-01-01 00:00:00,1650844145718575106,2023-04-25 12:48:10.197,147,"🇷🇺🇺🇦💬⚡❗Tan pronto como PMC #WagnerGroup libere completamente Artyómovsk (#Bakhmut), las Fuerzas Armadas globalistas de Ucrania lanzarán la contraofensiva de primavera, dijo el jefe de PMC Wagner Yevgueni Prigozhin.

""Nuestra tarea es destruir al ejército ucraniano, no darles https://t.co/MU5RQsJGkH","[{'text': 'WagnerGroup', 'indices': [27, 39]}, {'text': 'Bakhmut', 'indices': [73, 81]}]",es,,0,2022-04-01 00:00:00.000000
23,1023,LuqyMig,,,10,1139,100,2020-01-01 00:00:00,1581685474346749952,2022-10-16 16:36:18.036,0,"@zoomabus Celle des menteurs, soit aucune. 
#MacronDestitution #Marche16Octobre #Frexit #France #COVID19 #Ukraine","[{'text': 'MacronDestitution', 'indices': [44, 62]}, {'text': 'Marche16Octobre', 'indices': [63, 79]}, {'text': 'Frexit', 'indices': [80, 87]}, {'text': 'France', 'indices': [88, 95]}, {'text': 'COVID19', 'indices': [96, 104]}, {'text': 'Ukraine', 'indices': [105, 113]}]",fr,,0,2022-04-01 00:00:00.000000
24,1024,Toastory01,,,10,171,100,2020-01-01 00:00:00,1579788921571270656,2022-10-11 11:00:04.618,0,"“You were born to have an impact not to take off pants” 👖👖🤱🤱
#bbtvi #BBNaija #SupremeCourtOfIndia #ASUUstrike #Putin #USTC  @bod_republic @elonmusk","[{'text': 'bbtvi', 'indices': [61, 67]}, {'text': 'BBNaija', 'indices': [68, 76]}, {'text': 'SupremeCourtOfIndia', 'indices': [77, 97]}, {'text': 'ASUUstrike', 'indices': [98, 109]}, {'text': 'Putin', 'indices': [110, 116]}, {'text': 'USTC', 'indices': [117, 122]}]",en,,2,2022-04-01 00:00:00.000000
25,1025,DeyaniraCastej2,,,10,342,100,2020-01-01 00:00:00,1512666825661816835,2022-04-09 05:40:49.885,491,"Ayúdanos a conseguir más seguidores, para así llegar a más personas y difundir lo que sucede en #Ucrania. 

Mencionanos y invita a tus seguidores a seguirnos. 

Ahora más que nunca #Ucrania necesita de tu ayuda! 

Foto: #Bucha. https://t.co/RxCZiVB6aB","[{'text': 'Ucrania', 'indices': [111, 119]}]",es,,0,2022-04-01 00:00:00.000000
26,1026,WorldPeace4you,,,10,248,100,2020-01-01 00:00:00,1525488544487202818,2022-05-14 14:49:45.869,0,"@AmericasVoice May #Ukraine empathy extend to all migrants,including those w/deep ties to #USA like #Haitians &amp; #Afghanis.https://t.co/7oOs00OAK7).Migrants,refugees &amp;their kids around 🌍risk their lives for us,incl inventing #COVID19 vaccine(https://t.co/bRhSgGVlVJ &amp; https://t.co/Cduj5YRibJ).","[{'text': 'Ukraine', 'indices': [19, 27]}, {'text': 'USA', 'indices': [90, 94]}, {'text': 'Haitians', 'indices': [100, 109]}, {'text': 'Afghanis', 'indices': [116, 125]}, {'text': 'COVID19', 'indices': [232, 240]}]",en,,0,2022-04-01 00:00:00.000000
27,1027,cop_american,,,10,892,100,2020-01-01 00:00:00,1636303528749572096,2023-03-16 09:48:56.960,0,"#USA 🦅🇺🇸🦅
#Ukraine 🇺🇦 

Peek-a-boo!

Training of Ukrainian army special ops abroad 

#الولايات_المتحدة_الأمريكية 🇺🇸🦅🇺🇸
#أوكرانيا 

تدريبات القوات الخاصة #الجيش_الأوكراني  خارج #أوكرانيا 

#بوتين_قاتل_اطفال #سوريا https://t.co/utYKtpXuHF","[{'text': 'USA', 'indices': [0, 4]}, {'text': 'Ukraine', 'indices': [10, 18]}, {'text': 'الولايات_المتحدة_الأمريكية', 'indices': [85, 112]}, {'text': 'أوكرانيا', 'indices': [119, 128]}, {'text': 'الجيش_الأوكراني', 'indices': [153, 169]}, {'text': 'أوكرانيا', 'indices': [176, 185]}, {'text': 'بوتين_قاتل_اطفال', 'indices': [188, 205]}, {'text': 'سوريا', 'indices': [206, 212]}]",und,,0,2022-04-01 00:00:00.000000
28,1028,D80s,,,10,213,100,2020-01-01 00:00:00,1514227680694226950,2022-04-13 13:03:06.724,47,"🇫🇮PM Marin says report published today ""sees NATO not only as a military alliance, but also as a political alliance"" 

""#NATO is an organisation where important decisions concerning our security are [already] taken""

[Suggests the time of 🇪🇺neutral countries' freeloading is over] https://t.co/DGFQ3lbc01",[],en,,0,2022-04-01 00:00:00.000000
29,1029,barkkosha,,,10,6,100,2020-01-01 00:00:00,1517805656920711171,2022-04-23 10:00:42.732,1,#StandUpForUkraine  #StandWithUkraine 🙌 https://t.co/uOuKgrqp4O,"[{'text': 'StandUpForUkraine', 'indices': [0, 18]}, {'text': 'StandWithUkraine', 'indices': [20, 37]}]",und,,2,2022-04-01 00:00:00.000000
30,1030,Wejdan_cameron,,,10,99,100,2020-01-01 00:00:00,1642172879641931776,2023-04-01 14:31:39.260,0,#cameronherrin #whoiscameronherrin #whoiscameron  #cameron #America #Florida  #cameron_herrin_is_innocent https://t.co/MhqOE9eP97,"[{'text': 'cameronherrin', 'indices': [0, 14]}, {'text': 'whoiscameronherrin', 'indices': [15, 34]}, {'text': 'whoiscameron', 'indices': [35, 48]}, {'text': 'cameron', 'indices': [50, 58]}, {'text': 'America', 'indices': [59, 67]}, {'text': 'Florida', 'indices': [68, 76]}, {'text': 'cameron_herrin_is_innocent', 'indices': [78, 105]}]",und,,0,2022-04-01 00:00:00.000000
31,1031,mariyasi85,,,10,62,100,2020-01-01 00:00:00,1510732962270257158,2022-04-03 21:36:20.923,1702,"Everyone says #BuchaMassacre should be investigated. Duly so. Only I ask myself: what are all investigations worth if in the end of the day they will be brought to the UN Security council where the perpetrator is also a judge with a veto right?

#StandWithUkraine #StopRussia","[{'text': 'BuchaMassacre', 'indices': [32, 46]}]",en,,0,2022-04-01 00:00:00.000000
32,1032,wwwjimmsycom,,,10,57,100,2020-01-01 00:00:00,1639806579552980993,2023-03-26 01:48:49.355,0,Photo Walks With Jimmy James: #Foxy #Lady #Hornby #Street #Crosswalk #Downtown #Vancouver #BritishColumbia #Canada Documentary Travel And Street Photography By JIMMSY! https://t.co/vfunRs1FCE,"[{'text': 'Foxy', 'indices': [30, 35]}, {'text': 'Lady', 'indices': [36, 41]}, {'text': 'Hornby', 'indices': [42, 49]}, {'text': 'Street', 'indices': [50, 57]}, {'text': 'Crosswalk', 'indices': [58, 68]}, {'text': 'Downtown', 'indices': [69, 78]}, {'text': 'Vancouver', 'indices': [79, 89]}, {'text': 'BritishColumbia', 'indices': [90, 106]}, {'text': 'Canada', 'indices': [107, 114]}]",en,,0,2022-04-01 00:00:00.000000
33,1033,IFJGlobal,,,10,54582,100,2020-01-01 00:00:00,1510270496306307076,2022-04-02 14:58:40.445,2,"#Ukraine 🇺🇦We are deeply shocked to hear of the death of missing photojournalist Maksim Levin. Journalists should never be a target in a war. Our thoughts are with Maksim's family, colleagues and friends. https://t.co/BaLxFakDwK","[{'text': 'Ukraine', 'indices': [0, 8]}]",en,,3,2022-04-01 00:00:00.000000
34,1034,Fanfy1968,,,10,169,100,2020-01-01 00:00:00,1647519477892894720,2023-04-16 08:37:07.618,0,#RussiaIsATerroristState #Orcs #RussianWarCrimes  😤🤮 https://t.co/sGaUix672X,"[{'text': 'RussiaIsATerroristState', 'indices': [0, 24]}, {'text': 'Orcs', 'indices': [25, 30]}, {'text': 'RussianWarCrimes', 'indices': [31, 48]}]",und,,2,2022-04-01 00:00:00.000000
35,1035,GraziaMontefal2,,,10,698,100,2020-01-01 00:00:00,1513924616300990480,2022-04-12 16:58:50.542,163,"#Mariupol sei mesi fa 
 https://t.co/P6jWJyM2GC","[{'text': 'Mariupol', 'indices': [17, 26]}]",it,,0,2022-04-01 00:00:00.000000
36,1036,AnagalisArvensi,,,10,1261,100,2020-01-01 00:00:00,1516788942858772484,2022-04-20 14:40:39.210,85,"Bloomberg reported who made the final decision on the invasion of Ukraine

In addition to Putin, Defense Minister Shoigu, the former head of the FSB, Security Council Secretary Patrushev and Chief of the General Staff Gerasimov insisted on invading #Ukraine. https://t.co/4c5l5zaaRl",[],en,,0,2022-04-01 00:00:00.000000
37,1037,systemnutte,,,10,1623,100,2020-01-01 00:00:00,1622088289451663362,2023-02-05 04:22:39.805,0,"@_JakubJanda Maybe we could lure them into #NATO by promising them #Hungary? 😈

Two birds with one stone. https://t.co/oAVITAqZIw","[{'text': 'NATO', 'indices': [43, 48]}, {'text': 'Hungary', 'indices': [67, 75]}]",en,,0,2022-04-01 00:00:00.000000
38,1038,EbenGabi,,,10,256,100,2020-01-01 00:00:00,1630131036779855873,2023-02-27 09:01:40.195,89,"It has been more than two years since the start of the #TigrayGenocide

Countless crimes against humanity have taken place in #Tigray

WE demand accountability and #JusticeForTigrayPeople 

@antonioguterres @UN @Pontifex @POTUS @OlafScholz @RishiSunak @UNGeneva https://t.co/Ae3qwaXp2p","[{'text': 'TigrayGenocide', 'indices': [55, 70]}, {'text': 'Tigray', 'indices': [126, 133]}, {'text': 'JusticeForTigrayPeople', 'indices': [164, 187]}]",en,,0,2022-04-01 00:00:00.000000
39,1039,Ogunyem71132779,,,10,11,100,2020-01-01 00:00:00,1528035474631163904,2022-05-21 15:30:21.335,124,"""A lot of our pilots died, unfortunately. Absolutely heroic people, they knew it was difficult and almost impossible to fly to #AzovStal, deliver medications, food, water, evacuate the bodies and the wounded,"" said #Ukraine President @ZelenskyyUa today in his statement.",[],en,,0,2022-04-01 00:00:00.000000
40,1040,BjBerry00,,,10,100,100,2020-01-01 00:00:00,1512188336911302660,2022-04-07 21:59:29.277,0,Danke @Bundeskanzler für nix! Man fragt sich wirklich was in euren Birnen los ist!! @spdde @larsklingbeil @fdp @Die_Gruenen #NieWieder #GenocideOfUkrainians #StopRussia https://t.co/WAqUbJqTu7,"[{'text': 'NieWieder', 'indices': [124, 134]}, {'text': 'GenocideOfUkrainians', 'indices': [135, 156]}, {'text': 'StopRussia', 'indices': [157, 168]}]",de,,0,2022-04-01 00:00:00.000000
41,1041,ahnyujinxy,,,10,136,100,2020-01-01 00:00:00,1529302487504932866,2022-05-25 03:25:00.744,6644,"$1000 | IPHONE 12 ~ ends in 10 days 

• Retweet
• Find 🇺🇦 nft &amp; Comment to founded last tweets "" @ZelenskiyNFT Stands With Ukraine🙏 #ZelenskiyNFT #StandForUkraine #HelpUkraine #NFTs #NFT #NFTCommunity #crypto #HelpUkraine #Zelenskyy "" + the image attached 
• Reply proof https://t.co/6H6u79WZcb",[],en,,0,2022-04-01 00:00:00.000000
42,1042,camilav141,,,10,359,100,2020-01-01 00:00:00,1636668832721907714,2023-03-17 10:00:32.214,21,"‼️“No hemos encontrado que haya habido un #genocidio en #Ucrania”. 🤫

Erik Møse, uno de los comisarios a cargo de la investigación, subraya sin embargo “que ciertos aspectos pueden generar dudas sobre este crimen”, y recomienda continuar con el estudio. 😁
#UkraineRussianWar #UE https://t.co/pwSC2rqrr9","[{'text': 'genocidio', 'indices': [42, 52]}, {'text': 'Ucrania', 'indices': [56, 64]}, {'text': 'UkraineRussianWar', 'indices': [256, 274]}, {'text': 'UE', 'indices': [275, 278]}]",es,,0,2022-04-01 00:00:00.000000
43,1043,fugazidayz,,,10,212,100,2020-01-01 00:00:00,1579701402297061376,2022-10-11 05:12:18.397,1,#Ukraine️ #UkraineRussianWar #Ukrainian #Russia #RussianArmy #RussiaUkraineWar #russiaisateroriststate https://t.co/W9auLEP3rT,"[{'text': 'Ukraine️', 'indices': [0, 9]}, {'text': 'UkraineRussianWar', 'indices': [10, 28]}, {'text': 'Ukrainian', 'indices': [29, 39]}, {'text': 'Russia', 'indices': [40, 47]}, {'text': 'RussianArmy', 'indices': [48, 60]}, {'text': 'RussiaUkraineWar', 'indices': [61, 78]}, {'text': 'russiaisateroriststate', 'indices': [79, 102]}]",und,,4,2022-04-01 00:00:00.000000
44,1044,pw__ren,,,10,270,100,2020-01-01 00:00:00,1525578186741915651,2022-05-14 20:45:58.248,0,"la svezia: *si esibisce*
twitter italia: viva la figa

#escita #eurovision","[{'text': 'escita', 'indices': [55, 62]}, {'text': 'eurovision', 'indices': [63, 74]}]",it,,2,2022-04-01 00:00:00.000000
45,1045,stefanom62,,,10,591,100,2020-01-01 00:00:00,1531316620509040641,2022-05-30 16:48:27.473,279,"Incredibile come SOLO sui tg italiani #Putin venga dipinto come vincitore, quando invece la situazione è incerta e la #Russia si sta macchiando di crimini sempre più disumani ed efferati. Ormai parte del #giornalismo italiano è nelle mani di #mosca","[{'text': 'Putin', 'indices': [58, 64]}]",it,,0,2022-04-01 00:00:00.000000
46,1046,CrytpoGambler,,,10,420,100,2020-01-01 00:00:00,1586418242855522304,2022-10-29 18:02:37.979,0,"Win this people...#dogecoin from @OfficialTravlad 
$DOGE https://t.co/URBZJOFG0a","[{'text': 'dogecoin', 'indices': [18, 27]}]",en,,0,2022-04-01 00:00:00.000000
47,1047,Knut_Knutsson,,,10,665,100,2020-01-01 00:00:00,1587865406643048450,2022-11-02 17:53:08.713,0,"Hier gibt es übrigens die Aufzeichnung einer Diskussion der Russländischen Sozialistischen Bewegung zu Widerstand und Propaganda in #Russland auf Englisch
https://t.co/V5LSQSL9qk","[{'text': 'Russland', 'indices': [132, 141]}]",de,,1,2022-04-01 00:00:00.000000
48,1048,GrazieAlCaxxo,,,10,647,100,2020-01-01 00:00:00,1528093084239773697,2022-05-21 19:19:16.536,93,La #Russia ha vietato l’ingresso nella Federazione a 963 americani tra cui Mark Zuckerberg. Il divieto è permanente.,"[{'text': 'Russia', 'indices': [15, 22]}]",it,,0,2022-04-01 00:00:00.000000
49,1049,randyw1993,,,10,73,100,2020-01-01 00:00:00,1644811377012355074,2023-04-08 21:16:06.054,98,Petition to make this the new #NATO anthem. https://t.co/DqZvNMujIw,"[{'text': 'NATO', 'indices': [30, 35]}]",en,,0,2022-04-01 00:00:00.000000
50,1050,inpressulum,,,10,2367,100,2020-01-01 00:00:00,1641081121558388737,2023-03-29 14:13:23.849,0,"May the Force be with you 🤘 #UkraineWillWin @MarkHamill 
https://t.co/UnLbuR59iF","[{'text': 'UkraineWillWin', 'indices': [28, 43]}]",en,,0,2022-04-01 00:00:00.000000
51,1051,lacala2018,,,10,267,100,2020-01-01 00:00:00,1520486085784219651,2022-04-30 19:31:46.773,110,"The village of Gorenka, #Ukraine. The elderly lady bakes Easter cakes in her ruined house. These people lost everything but they are not giving up. https://t.co/lf35nb2ceu","[{'text': 'Ukraine', 'indices': [44, 52]}]",en,,0,2022-04-01 00:00:00.000000
52,1052,TortillaSanspa1,,,10,0,100,2020-01-01 00:00:00,1580323834070126592,2022-10-12 22:25:37.696,0,😎 Volodymyr #Zelensky impose une #épuration sauvage dans les zones reconquisses... https://t.co/eK0qPYZSZc,"[{'text': 'Zelensky', 'indices': [12, 21]}, {'text': 'épuration', 'indices': [33, 43]}]",fr,,0,2022-04-01 00:00:00.000000
53,1053,humankind_of,,,10,302,100,2020-01-01 00:00:00,1575111568140152833,2022-09-28 13:13:56.659,0,#Ukraine #BreakingNews https://t.co/s2Pe960uA2,"[{'text': 'Ukraine', 'indices': [0, 8]}, {'text': 'BreakingNews', 'indices': [9, 22]}]",und,,0,2022-04-01 00:00:00.000000
54,1054,petercox4,,,10,198,100,2020-01-01 00:00:00,1647987895247032324,2023-04-17 15:38:27.018,1356,"A 🇷🇺 #Wagner fighter: “The girl was 5 or 6. I shot her in the head… We had the orders: no one can leave #Bakhmut… The order chain was “Eismann” - “Kite” - and then Prigozhin himself”.

#RussianArmy #RussianWarCrimes #RussiaIsATerroristState #StandWithUkraine https://t.co/8Lz5loxBV5","[{'text': 'Wagner', 'indices': [5, 12]}, {'text': 'Bakhmut', 'indices': [104, 112]}, {'text': 'RussianArmy', 'indices': [185, 197]}, {'text': 'RussianWarCrimes', 'indices': [198, 215]}, {'text': 'RussiaIsATerroristState', 'indices': [216, 240]}, {'text': 'StandWithUkraine', 'indices': [241, 258]}]",en,,0,2022-04-01 00:00:00.000000
55,1055,avpk11,,,10,1124,100,2020-01-01 00:00:00,1647979516353216513,2023-04-17 15:05:09.334,627,"On this day 9 yrs ago, 🇷🇺 occupiers arrested Volodymyr Rybak, a Donbas politician who tried to hang 🇺🇦 flag. They tortured him for days, then put stones in his backpack, slit his stomach, pushed him (still alive) into a river.
Never forget.

#PutinIsaWarCriminal
#StandWithUkraine https://t.co/ObnWMZyTAY","[{'text': 'PutinIsaWarCriminal', 'indices': [242, 262]}, {'text': 'StandWithUkraine', 'indices': [263, 280]}]",en,,0,2022-04-01 00:00:00.000000
56,1056,idleone2,,,10,81,100,2020-01-01 00:00:00,1510388170453663752,2022-04-02 22:46:16.148,237,Il était sans armes et portait une veste Presse. Le photographe 🇺🇦 Max Levin a été tué comme cinq autres journalistes depuis le début de la guerre en #Ukraine. #RSF adresse ses condoléances à sa famille. Cibler les journalistes est un crime de guerre. ▶️https://t.co/WvBWW1DAYe https://t.co/xs60Jrzywv,[],fr,,0,2022-04-01 00:00:00.000000
57,1057,maggiemamusia,,,10,83,100,2020-01-01 00:00:00,1635353846880047104,2023-03-13 18:55:15.158,40,"Negotiations between #Russia and the #UN have begun in Geneva to extend the ""Grain Deal"", which expires on March 18, writes Reuters. https://t.co/kaRcp5043y","[{'text': 'Russia', 'indices': [21, 28]}, {'text': 'UN', 'indices': [37, 40]}]",en,,0,2022-04-01 00:00:00.000000
58,1058,SenderGliwice,,,10,454,100,2020-01-01 00:00:00,1576517039639781376,2022-10-02 10:18:47.177,1,"⚠️#Kreminna #front #Kherson
🇵🇱Silny ostrzał artyleryjski i moździerzowy sił #Ukraina. Podobno pod miastem utworzyła się nowa linia kontaktu
 🇩🇪Schwerer Artillerie- und Mörserbeschuss der #Ukraine Streitkräfte. Angeblich hat sich unter der Stadt eine neue Kontaktlinie gebildet https://t.co/mQbUN24J9O","[{'text': 'Kreminna', 'indices': [2, 11]}, {'text': 'front', 'indices': [12, 18]}, {'text': 'Kherson', 'indices': [19, 27]}, {'text': 'Ukraina', 'indices': [76, 84]}, {'text': 'Ukraine', 'indices': [187, 195]}]",pl,,2,2022-04-01 00:00:00.000000
59,1059,scichadelic,,,10,231,100,2020-01-01 00:00:00,1624947033143652353,2023-02-13 01:42:17.414,0,"Remember when you thought the world was your oyster, Vlad? If you could turn back time #RussiaIsLosing https://t.co/STAVB5PvzS","[{'text': 'RussiaIsLosing', 'indices': [87, 102]}]",en,,1,2022-04-01 00:00:00.000000
60,1060,financialnewsn,,,10,130,100,2020-01-01 00:00:00,1521831894643613696,2022-05-04 12:39:32.609,0,"FNN OPINION: AS LONG AS A FETUS IS IN A WOMB, IT IS THE MOTHER'S DECISION WHAT TO DO! THE SUPREME COURT DECISION SENDS MODERN DAY WOMEN TO MEDIVAL AGES AND IS WHAT THE TALIBAN WOULD DO! #AMERICA #USA WOMEN ARE NOT #COMMODITIES https://t.co/So8NpJe5Dh","[{'text': 'AMERICA', 'indices': [186, 194]}, {'text': 'USA', 'indices': [195, 199]}, {'text': 'COMMODITIES', 'indices': [214, 226]}]",en,,0,2022-04-01 00:00:00.000000
61,1061,AdamEcocore,,,10,5832,100,2020-01-01 00:00:00,1518588984703787014,2022-04-25 13:53:22.629,1,"By a simple twist of fate, the German Greens find themselves supporting Russian gas imports against the wishes of their voters. #Climate #Ukraine https://t.co/mssb8OatWf","[{'text': 'Climate', 'indices': [128, 136]}, {'text': 'Ukraine', 'indices': [137, 145]}]",en,,3,2022-04-01 00:00:00.000000
62,1062,Bushmaster78FS,,,10,111,100,2020-01-01 00:00:00,1607050207962845188,2022-12-25 16:26:41.784,0,"Every year thousands of #airlinecrew members spend #Christmas away from their families, so you can spend Christmas with yours. To them, a very special Merry Christmas. #merrychristmas #airlinepilot #pilotlife https://t.co/bp30kpQzUD","[{'text': 'airlinecrew', 'indices': [24, 36]}, {'text': 'Christmas', 'indices': [51, 61]}, {'text': 'merrychristmas', 'indices': [168, 183]}, {'text': 'airlinepilot', 'indices': [184, 197]}, {'text': 'pilotlife', 'indices': [198, 208]}]",en,,1,2022-04-01 00:00:00.000000
63,1063,Morgan4121OM,,,10,810,100,2020-01-01 00:00:00,1513067645184135168,2022-04-10 08:13:32.706,0,"Guerre en #Ukraine : dans l’attente d’une offensive russe dans le #Donbass, les civils peinent à fuir les zones de combat
V.#Zelensky a remercié le premier ministre britannique pour son aide,et a renouvelé son appel,pr un embargo du pétrole et du gaz russe
https://t.co/EQIFssWA0l","[{'text': 'Ukraine', 'indices': [27, 35]}, {'text': 'Donbass', 'indices': [83, 91]}]",fr,,0,2022-04-01 00:00:00.000000
64,1064,Barrie360,,,10,16859,100,2020-01-01 00:00:00,1513478653799284736,2022-04-11 11:26:44.796,0,"Ukrainian defenders dig in as Russia boosts firepower
#Ukraine #Russia
https://t.co/l1lYkRGv8y https://t.co/IHePHqfrjf","[{'text': 'Ukraine', 'indices': [54, 62]}, {'text': 'Russia', 'indices': [63, 70]}]",en,,0,2022-04-01 00:00:00.000000
65,1065,4kvideodrone,,,10,17,100,2020-01-01 00:00:00,1588904719887523840,2022-11-05 14:43:00.300,0,"https://t.co/Wa1wbIHkTK

#UkraineInvasion #UkraineWillWin #Ukrainians #UkraineWar #droneattack #drones #Kyiv #Mariupol  #Kherson #CrimeanBridge #Dnipro #Lyman","[{'text': 'UkraineInvasion', 'indices': [25, 41]}, {'text': 'UkraineWillWin', 'indices': [42, 57]}, {'text': 'Ukrainians', 'indices': [58, 69]}, {'text': 'UkraineWar', 'indices': [70, 81]}, {'text': 'droneattack', 'indices': [82, 94]}, {'text': 'drones', 'indices': [95, 102]}, {'text': 'Kyiv', 'indices': [103, 108]}, {'text': 'Mariupol', 'indices': [109, 118]}, {'text': 'Kherson', 'indices': [120, 128]}, {'text': 'CrimeanBridge', 'indices': [129, 143]}, {'text': 'Dnipro', 'indices': [144, 151]}, {'text': 'Lyman', 'indices': [152, 158]}]",und,,0,2022-04-01 00:00:00.000000
66,1066,KusuWeyenti,,,10,1436,100,2020-01-01 00:00:00,1519181569080111105,2022-04-27 05:08:05.754,36,"As the world's attention has turned to #Ukraine, #500DaysOfTigrayGenocide have been unleashed by Ethiopian &amp; Eritrean forces unimpeded. “Injustice anywhere is a threat to justice everywhere."" When will the world's compassion extend to innocent civilians in Tigray? #ICC @UNOCHA","[{'text': 'Ukraine', 'indices': [54, 62]}, {'text': '500DaysOfTigrayGenocide', 'indices': [64, 88]}]",en,,0,2022-04-01 00:00:00.000000
67,1067,F13gundoogduu_,,,10,15,100,2020-01-01 00:00:00,1523145965049622528,2022-05-08 03:41:11.408,902,#aqon #cryptocurrency #nft #Turkey #realestate #Kuwait #Dubai #KSA #Egypt #Russia #Ukraine #Iran https://t.co/NwHZlLH6tS,"[{'text': 'aqon', 'indices': [14, 19]}, {'text': 'cryptocurrency', 'indices': [20, 35]}, {'text': 'nft', 'indices': [36, 40]}, {'text': 'Turkey', 'indices': [41, 48]}, {'text': 'realestate', 'indices': [49, 60]}, {'text': 'Kuwait', 'indices': [61, 68]}, {'text': 'Dubai', 'indices': [69, 75]}, {'text': 'KSA', 'indices': [76, 80]}, {'text': 'Egypt', 'indices': [81, 87]}, {'text': 'Russia', 'indices': [88, 95]}, {'text': 'Ukraine', 'indices': [96, 104]}, {'text': 'Iran', 'indices': [105, 110]}]",und,,0,2022-04-01 00:00:00.000000
68,1068,Sunchana1,,,10,4380,100,2020-01-01 00:00:00,1520080156752293888,2022-04-29 16:38:45.750,0,@apocalypseos Nasty Russians #WarCrimes https://t.co/gWyQ035Kke,"[{'text': 'WarCrimes', 'indices': [29, 39]}]",en,,0,2022-04-01 00:00:00.000000
69,1069,LudmilaVasilg,,,10,43,100,2020-01-01 00:00:00,1643262397065338883,2023-04-04 14:41:00.456,0,"Vladimir #Putin spoke with the workers at Tulazheldormash

https://t.co/9BrIdBqFil

#BBC #Guardian #CNBC #Dailymail #WSJ #Bild #NYT #AP #AFP #Reuters #Spiegel #Euronews #Times #Economist #Thehill #cnnbrk #cnn #FoxNews #dwnews #Politico #SRF #Express #SkyNews https://t.co/fSXjaRIV1D","[{'text': 'Putin', 'indices': [9, 15]}, {'text': 'BBC', 'indices': [84, 88]}, {'text': 'Guardian', 'indices': [89, 98]}, {'text': 'CNBC', 'indices': [99, 104]}, {'text': 'Dailymail', 'indices': [105, 115]}, {'text': 'WSJ', 'indices': [116, 120]}, {'text': 'Bild', 'indices': [121, 126]}, {'text': 'NYT', 'indices': [127, 131]}, {'text': 'AP', 'indices': [132, 135]}, {'text': 'AFP', 'indices': [136, 140]}, {'text': 'Reuters', 'indices': [141, 149]}, {'text': 'Spiegel', 'indices': [150, 158]}, {'text': 'Euronews', 'indices': [159, 168]}, {'text': 'Times', 'indices': [169, 175]}, {'text': 'Economist', 'indices': [176, 186]}, {'text': 'Thehill', 'indices': [187, 195]}, {'text': 'cnnbrk', 'indices': [196, 203]}, {'text': 'cnn', 'indices': [204, 208]}, {'text': 'FoxNews', 'indices': [209, 217]}, {'text': 'dwnews', 'indices': [218, 225]}, {'text': 'Politico', 'indices': [226, 235]}, {'text': 'SRF', 'indices': [236, 240]}, {'text': 'Express', 'indices': [241, 249]}, {'text': 'SkyNews', 'indices': [250, 258]}]",en,,0,2022-04-01 00:00:00.000000
70,1070,montero4emirate,,,10,3956,100,2020-01-01 00:00:00,1607090377969770496,2022-12-25 19:06:19.060,0,"Hahaaaha 🤣😂🤣

Sabinus Merry Christmas Southern Kaduna #MerryChristmas #Christmas https://t.co/atUEXdHoGO","[{'text': 'MerryChristmas', 'indices': [54, 69]}, {'text': 'Christmas', 'indices': [70, 80]}]",tl,,0,2022-04-01 00:00:00.000000
71,1071,EdvardsenKaare,,,10,19,100,2020-01-01 00:00:00,1563783997934735360,2022-08-28 07:02:13.466,0,@ResistUA #SlavaUkraini 💙💛,"[{'text': 'SlavaUkraini', 'indices': [10, 23]}]",und,,1,2022-04-01 00:00:00.000000
72,1072,Beetle2daJuice,,,10,194,100,2020-01-01 00:00:00,1510996631684005892,2022-04-04 15:04:04.610,87,"3-31 NYT posts story about UA fears of saboteurs (pro-Russian Ukrainian civilians). 4-2 UA news publishes story of UA forces going into #Bucha to clear it of ""saboteurs &amp; accomplices"". Now photos/vids show many of the dead with RU food bags &amp; white RU armbands. UA looking guilty. https://t.co/2J9F3qfmbg",[],en,,0,2022-04-01 00:00:00.000000
73,1073,mereu_giorgio,,,10,607,100,2020-01-01 00:00:00,1526151008560336896,2022-05-16 10:42:09.612,5,"Massimo #Giletti sei in errore, taci e ascolta. O guarda qui.
Gli Ucraini che bombardano #Mariupol. Cristo santo, ci sono le prove!!!
#nonelarena @nonelarena https://t.co/H1JjTYCAph","[{'text': 'Giletti', 'indices': [28, 36]}, {'text': 'Mariupol', 'indices': [109, 118]}]",it,,0,2022-04-01 00:00:00.000000
74,1074,Germania_Freija,,,10,750,100,2020-01-01 00:00:00,1646550150670680067,2023-04-13 16:25:21.999,0,@Anna_Lena2022 #SlavaUkraïni 💙💛 https://t.co/B2n94ScQVx,"[{'text': 'SlavaUkraïni', 'indices': [15, 28]}]",und,,0,2022-04-01 00:00:00.000000
75,1075,DrFreckles4EVA,,,10,102,100,2020-01-01 00:00:00,1641062293764022273,2023-03-29 12:58:34.953,4,"""HEROES""

#tragedy #trauma #heroes #truth #history #Year2024 #CIA #Ukraine #podcast #anarchist #warnings #revenge 

Anchor: https://t.co/FV59M4Ivuc

Spotify: https://t.co/lG5WFWejA5

MP3: https://t.co/GBKXGK9QYV

Notes: https://t.co/uCC2tQFE4g

Donate: https://t.co/Xiu9S39coB https://t.co/99hcXr0fev","[{'text': 'tragedy', 'indices': [10, 18]}, {'text': 'trauma', 'indices': [19, 26]}, {'text': 'heroes', 'indices': [27, 34]}, {'text': 'truth', 'indices': [35, 41]}, {'text': 'history', 'indices': [42, 50]}, {'text': 'Year2024', 'indices': [51, 60]}, {'text': 'CIA', 'indices': [61, 65]}, {'text': 'Ukraine', 'indices': [66, 74]}, {'text': 'podcast', 'indices': [75, 83]}, {'text': 'anarchist', 'indices': [84, 94]}, {'text': 'warnings', 'indices': [95, 104]}, {'text': 'revenge', 'indices': [105, 113]}]",en,,3,2022-04-01 00:00:00.000000
76,1076,freeman010,,,10,20705,100,2020-01-01 00:00:00,1520020862044631040,2022-04-29 12:43:08.790,76,"So called ""hole in one""
#Ukraine
Drone dropped grenade into #Russia'n Army vehicle https://t.co/8WmQmmxfDr","[{'text': 'Ukraine', 'indices': [41, 49]}, {'text': 'Russia', 'indices': [77, 84]}]",en,,0,2022-04-01 00:00:00.000000
77,1077,StepanGronk,,,10,1246,100,2020-01-01 00:00:00,1579365607409344512,2022-10-10 06:57:58.657,0,"#Kyiv government buildings have been hit as well.  Here is the moment of impact of one of them.  Nasty business perpetrated by utter animals with the instincts &amp; morals of alley cats - #Russians, in other words.
#Ukraine #UkraineWar https://t.co/u0IDyt429T","[{'text': 'Kyiv', 'indices': [0, 5]}, {'text': 'Russians', 'indices': [189, 198]}, {'text': 'Ukraine', 'indices': [216, 224]}, {'text': 'UkraineWar', 'indices': [225, 236]}]",en,,1,2022-04-01 00:00:00.000000
78,1078,GregoryPike17,,,10,699,100,2020-01-01 00:00:00,1524195596738994176,2022-05-11 01:12:03.104,198,#Russian Shrek congratulated residents of occupied #Ukrainian villages on May 9 shelling them with propaganda posters. https://t.co/rb7JLX2fZQ,"[{'text': 'Russian', 'indices': [14, 22]}, {'text': 'Ukrainian', 'indices': [65, 75]}]",en,,0,2022-04-01 00:00:00.000000
79,1079,GrofUvarov,,,10,49,100,2020-01-01 00:00:00,1530438722264649730,2022-05-28 06:40:00.221,0,"A memorial dedicated to #Russian volunteers who died for #Serbia (1992 - 1995) can be seen on the left in Višegrad, Republika Srpska.

Dejan Berić, a Serbian sniper who has served with #Russians in Donbass since 2014, is shown on the right.

#bloodties
🇷🇺☦️🇷🇸 https://t.co/25WffMrDmX","[{'text': 'Russian', 'indices': [24, 32]}, {'text': 'Serbia', 'indices': [57, 64]}, {'text': 'Russians', 'indices': [185, 194]}, {'text': 'bloodties', 'indices': [242, 252]}]",en,,0,2022-04-01 00:00:00.000000
80,1080,it_sceptic,,,10,328,100,2020-01-01 00:00:00,1517449372962738176,2022-04-22 10:24:58.017,5,"Informative piece on reality of life in (despite US/UK MSM misinfo, still) pro #Russia cities like #Kharkov.

Pro #Russian #Ukrainians there are  intrusively policed &amp; terrorised by #Nazi militias acting on authority of the #Kiev Govt.

#Ukraine #Mariupol
https://t.co/tAskS2Z0F9 https://t.co/qPhIpGqBTt","[{'text': 'Russia', 'indices': [97, 104]}, {'text': 'Kharkov', 'indices': [117, 125]}]",en,,0,2022-04-01 00:00:00.000000
81,1081,lone__horseman,,,10,24,100,2020-01-01 00:00:00,1511479858274185224,2022-04-05 23:04:14.807,0,"@realBertBlocken @ZelenskyyUa @Rijksoverheid @Ukraine @MFA_Ukraine Even if I don't understand Ukrainian (yet), President Zelenskyy is a truly talented speaker, motivator and great leader.
Ukraine is in our hearts and we'll do everything we can to help and protect them.
#StandWithUkraine","[{'text': 'StandWithUkraine', 'indices': [270, 287]}]",en,,1,2022-04-01 00:00:00.000000
82,1082,kanadianbest,,,10,432,100,2020-01-01 00:00:00,1514688230721007626,2022-04-14 19:33:10.407,0,C$48.2 - #FreeShipping | Amazing deals at amazing low prices  On Stage HW5A On Stage 5A Drum Sticks - 12 #OnStage       👉 https://t.co/f5FzV7Blim       #sharious  #canadianbestseller  #canada #usa #product #659814355518  #Drum  #HW5A  #Pair  #Stage . https://t.co/XAWoGwkvSV,"[{'text': 'FreeShipping', 'indices': [9, 22]}, {'text': 'OnStage', 'indices': [105, 113]}, {'text': 'sharious', 'indices': [152, 161]}, {'text': 'canadianbestseller', 'indices': [163, 182]}, {'text': 'canada', 'indices': [184, 191]}, {'text': 'usa', 'indices': [192, 196]}, {'text': 'product', 'indices': [197, 205]}, {'text': 'Drum', 'indices': [221, 226]}, {'text': 'HW5A', 'indices': [228, 233]}, {'text': 'Pair', 'indices': [235, 240]}, {'text': 'Stage', 'indices': [242, 248]}]",en,,0,2022-04-01 00:00:00.000000
83,1083,justintresting,,,10,96,100,2020-01-01 00:00:00,1516132181592408064,2022-04-18 19:10:55.122,5,"#GenocideOfUkrainians 
#BuchaMassacre 
#RussianWarCrimes https://t.co/XCyrLOeyom","[{'text': 'GenocideOfUkrainians', 'indices': [17, 38]}, {'text': 'BuchaMassacre', 'indices': [40, 54]}, {'text': 'RussianWarCrimes', 'indices': [56, 73]}]",und,,0,2022-04-01 00:00:00.000000
84,1084,TS35581556,,,10,228,100,2020-01-01 00:00:00,1644223387210862593,2023-04-07 06:19:38.361,7,"⚡💪🇺🇦Operators of the Special Operations Forces of #Ukraine have completed tactical and special training.

The groups faced the task of entering the rear of the enemy and destroying his radar. In the dark, the operators overcame mine barriers, 1/3⬇️

#UkraineWillWin #Ukraina https://t.co/HNcBzN22Cm","[{'text': 'Ukraine', 'indices': [50, 58]}, {'text': 'UkraineWillWin', 'indices': [250, 265]}, {'text': 'Ukraina', 'indices': [266, 274]}]",en,,0,2022-04-01 00:00:00.000000
85,1085,EclaireLutin,,,10,69,100,2020-01-01 00:00:00,1527937321252884481,2022-05-21 09:00:19.746,17,"🎥[LSP] Guerre #Russie-#Ukraine et gouvernement Macron Acte II 

@BlaiseElise reçoit @UPR_Asselineau, président de l'UPR. 

- Elisabeth #Borne un Premier ministre femme fidèle à #Macron 

LSP en intégralité sur TVL 👇
https://t.co/KVcZVIt0E5 https://t.co/d1A8dcb88U","[{'text': 'Russie', 'indices': [31, 38]}, {'text': 'Ukraine', 'indices': [39, 47]}]",fr,,0,2022-04-01 00:00:00.000000
86,1086,Juergen_Fritz,,,10,4274,100,2020-01-01 00:00:00,1520704925570940929,2022-05-01 10:01:22.244,0,"@hirtlitschk4 Was alle unten verbindet, ist der Kampf gegen oben, was meist als in den #USA, der #NATO, den ""westlichen Eliten"", dem ""Finanzkapital"" verkörpert angesehen wird. #Russland gilt links wie rechts außen die Sympathie, weil der große Gegenspieler. https://t.co/Xx3MLI3Lem","[{'text': 'USA', 'indices': [87, 91]}, {'text': 'NATO', 'indices': [97, 102]}, {'text': 'Russland', 'indices': [176, 185]}]",de,,0,2022-04-01 00:00:00.000000
87,1087,Ben_PMG,,,10,135,100,2020-01-01 00:00:00,1528350820017782785,2022-05-22 12:23:25.534,0,"🇺🇦 The war in #Ukraine breaks my heart - look how beautiful #Lviv is. This moment was breathtaking - the delicate #violin sound of #ChiMai by #EnnioMorricone performed perfectly - people whispered not to overpower its #classical beauty. A calm, soft, summers day #RynokSquare 💙💛 https://t.co/UyD9FPwOr1","[{'text': 'Ukraine', 'indices': [14, 22]}, {'text': 'Lviv', 'indices': [60, 65]}, {'text': 'violin', 'indices': [114, 121]}, {'text': 'ChiMai', 'indices': [131, 138]}, {'text': 'EnnioMorricone', 'indices': [142, 157]}, {'text': 'classical', 'indices': [218, 228]}, {'text': 'RynokSquare', 'indices': [263, 275]}]",en,,1,2022-04-01 00:00:00.000000
88,1088,NOWARFORISRAEL,,,10,1645,100,2020-01-01 00:00:00,1630954308887003138,2023-03-01 15:33:03.561,0,"@bhaktadasa @Professor_Foote @greta @shannonfarren @ShannonBream @KimIversenShow @Yulisha @RamCNN @frankmottek @RealPNavarro @laralogan @SharylAttkisson @SenRandPaul @APDiploWriter @rustyrockets @ColeenRowley @joerogan @RepMcClintock @NorahODonnell @mariashriver @Schwarzenegger @KremlinRussia_E @ggreenwald @Nigel_Farage @CharlizeAfrica @HollyMAWilliams @USUNRomeAmb @TheOliverStone @dbongino @PatrickBuchanan @NATO @cspan @USNavy @USMC @MedvedevRussiaE @frankmsontag @belliobellio @RepMTG @susancrabtree @raymcgovern @RonPaul @RealScottRitter @rogerwaters @TulsiGabbard @Judgenap @GenFlynn @realDonaldTrump @UnderSecStateP @TuckerCarlson @geraldcelente Joe Biden Disparages George Washington On President’s Day With Trip To #Kyiv

https://t.co/JWChD9XLXy","[{'text': 'Kyiv', 'indices': [726, 731]}]",en,,0,2022-04-01 00:00:00.000000
89,1089,Jan883388,,,10,1006,100,2020-01-01 00:00:00,1526474410156335105,2022-05-17 08:07:14.561,1272,Легенди #Azovstal #Azov https://t.co/m7b9T6Nz4C,"[{'text': 'Azovstal', 'indices': [25, 34]}, {'text': 'Azov', 'indices': [35, 40]}]",uk,,0,2022-04-01 00:00:00.000000
90,1090,um72de,,,10,75,100,2020-01-01 00:00:00,1612846833755357184,2023-01-10 16:20:25.069,0,"@Heike96913246 @tagesschau Massenweise Wahlversprechen gebrochen. Schweigen zu Assange, Schweigen zu US Drohnenkriege, Ausreden zu Waffenexporten Saudi Arabien oder Krisengebiete. Derweil hauptsache gut aussehen und ne Stylistin haben, das finden meine Fans toll. #Baerbock #Ukraine #Charkiw #Gruenen","[{'text': 'Baerbock', 'indices': [264, 273]}, {'text': 'Ukraine', 'indices': [274, 282]}, {'text': 'Charkiw', 'indices': [283, 291]}, {'text': 'Gruenen', 'indices': [292, 300]}]",de,,2,2022-04-01 00:00:00.000000
91,1091,sandripavli,,,10,1785,100,2020-01-01 00:00:00,1511945693212164101,2022-04-07 05:55:18.511,0,"@ChristinaPushaw @anneapplebaum is more than that. 
#Biden #USA #HunterBiden https://t.co/7FzeCeuCbN","[{'text': 'Biden', 'indices': [52, 58]}, {'text': 'USA', 'indices': [59, 63]}, {'text': 'HunterBiden', 'indices': [64, 76]}]",en,,0,2022-04-01 00:00:00.000000
92,1092,marinavilgota,,,10,1,100,2020-01-01 00:00:00,1583509342992551936,2022-10-21 17:23:42.207,0,@EmbassyofRussia @KremlinRussia_E @mfa_russia @PMSimferopol @RusEmbUSA @RusMission_EU @SABCNews @RusConsCapetown @MauriceSchleepe @Geostrat_ME @GeopoliticsMag на росии in #Russia https://t.co/fUYMfLjna8,"[{'text': 'Russia', 'indices': [171, 178]}]",ru,,0,2022-04-01 00:00:00.000000
93,1093,DogeFPL,,,10,0,100,2020-01-01 00:00:00,1579452536108756992,2022-10-10 12:43:24.074,0,#Russia increasing the amount of £ they going to have to pay #Ukraine after they lose this pointless fight.,"[{'text': 'Russia', 'indices': [0, 7]}, {'text': 'Ukraine', 'indices': [61, 69]}]",en,,1,2022-04-01 00:00:00.000000
94,1094,RichardJHoskin1,,,10,57,100,2020-01-01 00:00:00,1528365046253903878,2022-05-22 13:19:57.333,58,7 US mercenaries were eliminated in the Rubizhne area by the Chechen division. #USA #UK #EU #Britain #auspol #Ukraine #UkraineRussiaWar #Biden #Europe #BreakingNews #News https://t.co/agk1ZXdmcW,"[{'text': 'USA', 'indices': [99, 103]}, {'text': 'UK', 'indices': [104, 107]}, {'text': 'EU', 'indices': [108, 111]}, {'text': 'Britain', 'indices': [112, 120]}, {'text': 'auspol', 'indices': [121, 128]}, {'text': 'Ukraine', 'indices': [129, 137]}]",en,,0,2022-04-01 00:00:00.000000
95,1095,hmodeler,,,10,523,100,2020-01-01 00:00:00,1514351674948833281,2022-04-13 21:15:49.258,27,"Ukrainian military hit the Russian missile cruiser ""Moscow"" - the head of the Odesa Regional Military Administration Maksym Marchenko.

""The missiles standing on the guard of the Black Sea caused very serious damage to the Russian ship.
Glory to Ukraine!""

#StandWithUkraine",[],en,,0,2022-04-01 00:00:00.000000
96,1096,GiacomoNittis,,,10,115,100,2020-01-01 00:00:00,1514570311949238274,2022-04-14 11:44:36.381,328,"This is Sasha Skochilenko. She’s facing 10 yrs in prison for replacing supermarket price labels with information on Russian attacks on civilians in Mariupol, #Ukraine, accused of spreading ‘false information’. Sasha doesn’t deny leaving the tags, but insists it’s all true https://t.co/8gc5FhOzBd",[],en,,0,2022-04-01 00:00:00.000000
97,1097,Corners_Speaker,,,10,76,100,2020-01-01 00:00:00,1638140793683673094,2023-03-21 11:29:35.055,0,"@sjoblom_monica @LehnhardtLouis LOL. Das ist nicht irgendein Krieg! #China weiß, daß der  Westen (USA+Vasallen) #Russland militärisch und wirtschaftlich zerstören will mit den Sanktionen und Waffen für die #Ukraine. Ohne Ru hat China gegen die USA keine Chance. Peking hat keine Illusionen mehr über den Westen!","[{'text': 'China', 'indices': [68, 74]}, {'text': 'Russland', 'indices': [112, 121]}, {'text': 'Ukraine', 'indices': [206, 214]}]",de,,0,2022-04-01 00:00:00.000000
98,1098,LiviaDarkwolf,,,10,647,100,2020-01-01 00:00:00,1593178053014085632,2022-11-17 09:43:42.312,0,"@Podolyak_M Russia behaves like insane, rampaging monster without any regards for human life. It should be isolated from rest of the world.
#ArmUkraineNow 
#FreeTheLeopards 
#ATACMSForUkraine 
#RussiaIsATerroristState 
#UkraineWillWin","[{'text': 'ArmUkraineNow', 'indices': [140, 154]}, {'text': 'FreeTheLeopards', 'indices': [156, 172]}, {'text': 'ATACMSForUkraine', 'indices': [174, 191]}, {'text': 'RussiaIsATerroristState', 'indices': [193, 217]}, {'text': 'UkraineWillWin', 'indices': [219, 234]}]",en,,1,2022-04-01 00:00:00.000000
99,1099,John_Delich,,,10,72,100,2020-01-01 00:00:00,1629961729055637505,2023-02-26 21:48:54.088,77,"Praying for all the Shahed drones #russia just launched to be shot down. Air sirens went off, so expecting attack any minute now","[{'text': 'russia', 'indices': [34, 41]}]",en,,0,2022-04-01 00:00:00.000000
100,1100,dndtirani,,,10,322,100,2020-01-01 00:00:00,1600824772312862720,2022-12-08 12:09:02.262,0,"Kerap Kritik Pemerintah, Pasal Penghinaan Di KUHP Bikin Mahasiswa Rentan Dipenjarakan | 
Jokowi Teroris Cebong Gempa KUHP Prabowo Singapura Inggris Chelsea Islan Indonesian Mimpi Kimchi #FIFAWorldCup #UkraineWar #PresidenAsbun #AniesPresiden2024 https://t.co/7uba1kPZhH","[{'text': 'FIFAWorldCup', 'indices': [186, 199]}, {'text': 'UkraineWar', 'indices': [200, 211]}, {'text': 'PresidenAsbun', 'indices': [212, 226]}, {'text': 'AniesPresiden2024', 'indices': [227, 245]}]",in,,0,2022-04-01 00:00:00.000000
101,1101,aamrfn,,,10,26,100,2020-01-01 00:00:00,1516297694116868104,2022-04-19 06:08:36.383,1117,"I took the risk to show you the Israeli crimes against us. I took this video for the Israeli warplane bombarded a place near my home.

This in not #Ukraine, this is Gaza moments ago. https://t.co/onebKMnaet",[],en,,0,2022-04-01 00:00:00.000000
102,1102,FauxAda,,,10,2057,100,2020-01-01 00:00:00,1514013704576188427,2022-04-12 22:52:50.842,34,"#UKRAINE—This is when the fact that #Russia|n troops (with a few exceptions) do not have their phones and #Ukrainian ones—do, starts to make a critical difference. No one cares about tank remains shot from 30 different angles. By now, most #UA soldiers know about the surrender. https://t.co/fThpN8CdJz","[{'text': 'UKRAINE', 'indices': [19, 27]}, {'text': 'Russia', 'indices': [55, 62]}, {'text': 'Ukrainian', 'indices': [125, 135]}]",en,,0,2022-04-01 00:00:00.000000
103,1103,advaliu,,,10,1,100,2020-01-01 00:00:00,1517185655536816128,2022-04-21 16:57:02.883,187,"The producer of household chemicals and hygiene products P&amp;G has admitted its withdrawal from the #Russian market.

Such a decision may be taken due to the imposition of sanctions against #Russia, as well as financial restrictions and problems with supplies. https://t.co/3J7kCUloWY","[{'text': 'Russian', 'indices': [116, 124]}]",en,,0,2022-04-01 00:00:00.000000
104,1104,norinatu,,,10,330,100,2020-01-01 00:00:00,1513492444385787904,2022-04-11 12:21:32.728,0,"ジュリアンがウクライナへの義援金集めの為、「イマジン」を初演奏

#JulianLennon performs father’s ‘#Imagine’ for first time to raise money for #Ukraine 

この曲の中で、私たちは愛と一体感が私たちの現実となる空間へと運ばれます。

#JohnLennon #Beatles
https://t.co/2b79dljQau","[{'text': 'JulianLennon', 'indices': [33, 46]}, {'text': 'Imagine', 'indices': [66, 74]}, {'text': 'Ukraine', 'indices': [110, 118]}, {'text': 'JohnLennon', 'indices': [159, 170]}, {'text': 'Beatles', 'indices': [171, 179]}]",ja,,1,2022-04-01 00:00:00.000000
105,1105,MunmunNarang,,,10,129,100,2020-01-01 00:00:00,1514591709761777668,2022-04-14 13:09:38.017,0,"#Ukraine: A BMP-3 IFV in good condition recently captured by #Ukrainian forces somewhere in the East. As claimed, it was taken from separatist forces.

#UkraineRussiaWar #Ukraine️ #UkraineUnderAttack #RussiaUkraineWar #RussianArmy https://t.co/322eMnhwLj","[{'text': 'Ukraine', 'indices': [0, 8]}, {'text': 'Ukrainian', 'indices': [61, 71]}, {'text': 'UkraineRussiaWar', 'indices': [152, 169]}, {'text': 'Ukraine️', 'indices': [170, 179]}, {'text': 'UkraineUnderAttack', 'indices': [180, 199]}, {'text': 'RussiaUkraineWar', 'indices': [200, 217]}, {'text': 'RussianArmy', 'indices': [218, 230]}]",en,,1,2022-04-01 00:00:00.000000
106,1106,pigi74,,,10,434,100,2020-01-01 00:00:00,1635782034059583491,2023-03-14 23:16:42.937,24,"Hanno finito i mercenari ?! 😬
Che inizino a trattare per la pace e #Zelensky che smetta di mandare gli ucraini al macello. https://t.co/CthEHPVTxm","[{'text': 'Zelensky', 'indices': [67, 76]}]",it,,0,2022-04-01 00:00:00.000000
107,1107,HiGk2k,,,10,30,100,2020-01-01 00:00:00,1606463435033743362,2022-12-24 01:35:04.216,0,"Ukraine War Footage - Ukrainian drones dropped grenade bombs on troops and Russian tanks
#Canada #Germany #America #Ukraine #Bakhmut
https://t.co/uJjjHVkw9n","[{'text': 'Canada', 'indices': [89, 96]}, {'text': 'Germany', 'indices': [97, 105]}, {'text': 'America', 'indices': [106, 114]}, {'text': 'Ukraine', 'indices': [115, 123]}, {'text': 'Bakhmut', 'indices': [124, 132]}]",en,,0,2022-04-01 00:00:00.000000
108,1108,sel_pink_,,,10,363,100,2020-01-01 00:00:00,1635048396301164544,2023-03-12 22:41:30.065,0,@X_in_official #RussiaIsATerroristState,"[{'text': 'RussiaIsATerroristState', 'indices': [15, 39]}]",und,,0,2022-04-01 00:00:00.000000
109,1109,learngrammarnet,,,10,281,100,2020-01-01 00:00:00,1569618035467767812,2022-09-13 09:24:36.405,0,"Common mistake in English.

https://t.co/raQiLka5P2

#English #learning #grammar #vocabulary #MONEY #NotMyKing #omfrancfort #RussianArmy #val2022 https://t.co/At1QtqHulV","[{'text': 'English', 'indices': [53, 61]}, {'text': 'learning', 'indices': [62, 71]}, {'text': 'grammar', 'indices': [72, 80]}, {'text': 'vocabulary', 'indices': [81, 92]}, {'text': 'MONEY', 'indices': [93, 99]}, {'text': 'NotMyKing', 'indices': [100, 110]}, {'text': 'omfrancfort', 'indices': [111, 123]}, {'text': 'RussianArmy', 'indices': [124, 136]}, {'text': 'val2022', 'indices': [137, 145]}]",en,,1,2022-04-01 00:00:00.000000
110,1110,arcatierraint,,,10,138,100,2020-01-01 00:00:00,1583184616156205056,2022-10-20 19:53:21.296,0,@EuromaidanPress #Putin is a terrorist where there is oil he has his mercenaries Wagner have committed atrocities in #Ukraine #Africa #Venezuela #Syria In #Ukraine they were defeated but at the same time hundreds of Russians arrive on Margarita Island #Venezuela where Hezbollah trains terrorists.,"[{'text': 'Putin', 'indices': [17, 23]}, {'text': 'Ukraine', 'indices': [117, 125]}, {'text': 'Africa', 'indices': [126, 133]}, {'text': 'Venezuela', 'indices': [134, 144]}, {'text': 'Syria', 'indices': [145, 151]}, {'text': 'Ukraine', 'indices': [155, 163]}, {'text': 'Venezuela', 'indices': [252, 262]}]",en,,0,2022-04-01 00:00:00.000000
111,1111,UGroundNews,,,10,11,100,2020-01-01 00:00:00,1531991455136468992,2022-06-01 13:30:00.586,0,राहुल गांधी ने सिंगर केके के निधन पर जताया दुख। #RahulGandhi #Bollywood #bollywoodnews #bollywoodsinger #singer #singerkk #death #sadnews #Latest #LatestNews #News #NewsUpdates #TopNews #HindiNews #Viral #Trend #Trending #Instagram #Facebook #Koo #Twitter #UGN https://t.co/3Y9MIeygZQ,"[{'text': 'RahulGandhi', 'indices': [48, 60]}, {'text': 'Bollywood', 'indices': [61, 71]}, {'text': 'bollywoodnews', 'indices': [72, 86]}, {'text': 'bollywoodsinger', 'indices': [87, 103]}, {'text': 'singer', 'indices': [104, 111]}, {'text': 'singerkk', 'indices': [112, 121]}, {'text': 'death', 'indices': [122, 128]}, {'text': 'sadnews', 'indices': [129, 137]}, {'text': 'Latest', 'indices': [138, 145]}, {'text': 'LatestNews', 'indices': [146, 157]}, {'text': 'News', 'indices': [158, 163]}, {'text': 'NewsUpdates', 'indices': [164, 176]}, {'text': 'TopNews', 'indices': [177, 185]}, {'text': 'HindiNews', 'indices': [186, 196]}, {'text': 'Viral', 'indices': [197, 203]}, {'text': 'Trend', 'indices': [204, 210]}, {'text': 'Trending', 'indices': [211, 220]}, {'text': 'Instagram', 'indices': [221, 231]}, {'text': 'Facebook', 'indices': [232, 241]}, {'text': 'Koo', 'indices': [242, 246]}, {'text': 'Twitter', 'indices': [247, 255]}, {'text': 'UGN', 'indices': [256, 260]}]",hi,,0,2022-04-01 00:00:00.000000
112,1112,D_O_G_WATCHER,,,10,7,100,2020-01-01 00:00:00,1575724449407832065,2022-09-30 05:49:18.940,0,"@DEFCONWSALERTS @Kamscan Reading the lethal weapon threats of a madman, ones that literally endanger the world.  While the same person is suggesting barely trained recruits, bring their “own supply” of tampons for gunshot wounds is definitely beyond insanity- #Putin #FakeElection #Annexation #Pipeline https://t.co/v66RKiraXm","[{'text': 'Putin', 'indices': [260, 266]}, {'text': 'FakeElection', 'indices': [267, 280]}, {'text': 'Annexation', 'indices': [281, 292]}, {'text': 'Pipeline', 'indices': [293, 302]}]",en,,1,2022-04-01 00:00:00.000000
113,1113,GalowiczR,,,10,12,100,2020-01-01 00:00:00,1512306281784262658,2022-04-08 05:48:09.526,59,"Die Politik der Bundesregierung entfernt sich immer stärker von der Mehrheit. Den Wählerinnen &amp; Wählern von Grünen, SPD und CDU/CSU geht die #Ukraine-Politik der Ampel nicht weit genug. Wann hört die Bundesregierung endlich auf die Wähler? #Embargo https://t.co/HiaFQZFRMr",[],de,,0,2022-04-01 00:00:00.000000
114,1114,giu33liana,,,10,4328,100,2020-01-01 00:00:00,1581682289159077888,2022-10-16 16:23:38.628,0,"@InformazioneA #FacciamoRete #FacciamoInformazione

Piero Orteca

""La guerra in #Ucraina l’hanno già vinta le aziende #USA degli armamenti""

""L’unica condizione per arricchirsi e per continuare a vendere armi è che la guerra di logoramento in #Ucraina continui...""

https://t.co/YoNw2AjCLv https://t.co/1WN2L0XwjM","[{'text': 'FacciamoRete', 'indices': [15, 28]}, {'text': 'FacciamoInformazione', 'indices': [29, 50]}, {'text': 'Ucraina', 'indices': [80, 88]}, {'text': 'USA', 'indices': [118, 122]}, {'text': 'Ucraina', 'indices': [243, 251]}]",it,,1,2022-04-01 00:00:00.000000
115,1115,tvbogus,,,10,1017,100,2020-01-01 00:00:00,1635930038443864068,2023-03-15 09:04:49.932,1,"Det här förklarar varför presidenten och regeringen (TP-UTVA) höll ett snabbinkallat möte i söndags. Niinistö och Haavisto reser till Turkiet i morgon för att träffa Erdogan. #Nato #turpo #säkpol 
https://t.co/oQDXyJmI4v","[{'text': 'Nato', 'indices': [175, 180]}, {'text': 'turpo', 'indices': [181, 187]}, {'text': 'säkpol', 'indices': [188, 195]}]",sv,,4,2022-04-01 00:00:00.000000
116,1116,BjarkeBodvar,,,10,57,100,2020-01-01 00:00:00,1517942928051691521,2022-04-23 19:06:10.720,570,"Tetiana Kushnir, doctor with the National Guards of Ukraine, died in #Mariupol #Azovstal. 40 days ago her husband was killed. They have a baby son left (he's safe).
Rest in peace, Tetiana. We will avenge you.

#ArmUkraineNow https://t.co/aDdxKVeagD","[{'text': 'Mariupol', 'indices': [90, 99]}, {'text': 'Azovstal', 'indices': [100, 109]}]",en,,0,2022-04-01 00:00:00.000000
117,1117,ChaseTheLadder,,,10,1991,100,2020-01-01 00:00:00,1565591944058765312,2022-09-02 06:46:21.412,0,"The #Strava leaderboards are spreading! Our first activity has been registered in Ryazan, Ryazan Oblast, #Russia. Welcome aboard! https://t.co/jn1aHXqd0W","[{'text': 'Strava', 'indices': [4, 11]}, {'text': 'Russia', 'indices': [105, 112]}]",en,,0,2022-04-01 00:00:00.000000
118,1118,Sasha91346976,,,10,93,100,2020-01-01 00:00:00,1643522341983383553,2023-04-05 07:53:56.154,1,"VideoProc Converter FREE #license 

https://t.co/n11W6LNNKg…

#Ukraine️ #UkraineWar #ukrainecounteroffensive #StopRussia #StopWarInUkraine #UkraineWillWin #Ukrainian #video #music #telegram #Software #key #free #giveaway #promo #Premium #vpn #reddit #YouTube #gamedev","[{'text': 'license', 'indices': [25, 33]}, {'text': 'Ukraine️', 'indices': [62, 71]}, {'text': 'UkraineWar', 'indices': [72, 83]}, {'text': 'ukrainecounteroffensive', 'indices': [84, 108]}, {'text': 'StopRussia', 'indices': [109, 120]}, {'text': 'StopWarInUkraine', 'indices': [121, 138]}, {'text': 'UkraineWillWin', 'indices': [139, 154]}, {'text': 'Ukrainian', 'indices': [155, 165]}, {'text': 'video', 'indices': [166, 172]}, {'text': 'music', 'indices': [173, 179]}, {'text': 'telegram', 'indices': [180, 189]}, {'text': 'Software', 'indices': [190, 199]}, {'text': 'key', 'indices': [200, 204]}, {'text': 'free', 'indices': [205, 210]}, {'text': 'giveaway', 'indices': [211, 220]}, {'text': 'promo', 'indices': [221, 227]}, {'text': 'Premium', 'indices': [228, 236]}, {'text': 'vpn', 'indices': [237, 241]}, {'text': 'reddit', 'indices': [242, 249]}, {'text': 'YouTube', 'indices': [250, 258]}, {'text': 'gamedev', 'indices': [259, 267]}]",en,,0,2022-04-01 00:00:00.000000
119,1119,p_ameline,,,10,1510,100,2020-01-01 00:00:00,1519397768791482368,2022-04-27 19:27:11.782,417,"🇷🇺 wrongly believes it’s having big time cutting our #EU partners 🇵🇱🇧🇬 from its #gas as they paid according to the rules - in #Euro, not as President #Putin wishes, in #Ruble. We’ll stand #united as 🇪🇺 against this #blackmail. And we’ll speed up phasing out from 🇷🇺 dependency.","[{'text': 'EU', 'indices': [70, 73]}, {'text': 'gas', 'indices': [97, 101]}]",en,,0,2022-04-01 00:00:00.000000
120,1120,Omilein2,,,10,935,100,2020-01-01 00:00:00,1630355058008178691,2023-02-27 23:51:51.018,41,"Im #Ukraine Konflikt ab 2014 warf #Russland der #OSZE Parteilichkeit und Manipulation vor obwohl die #OSCE Mission immer das Gegenteil behauptete.

Das Schauspiel in Wien wird Wasser auf die Mühlen Moskaus sein.

Die einst wichtige OSZE wird zur #Shitshow und kann weg.","[{'text': 'Ukraine', 'indices': [3, 11]}, {'text': 'Russland', 'indices': [34, 43]}, {'text': 'OSZE', 'indices': [48, 53]}, {'text': 'OSCE', 'indices': [101, 106]}, {'text': 'Shitshow', 'indices': [246, 255]}]",de,,0,2022-04-01 00:00:00.000000
121,1121,railnewseurope,,,10,92,100,2020-01-01 00:00:00,1612871645894434816,2023-01-10 17:59:00.744,0,Greece-Bulgaria freight corridor to shift 650 million euros worth of cargo on rail yearly https://t.co/wr7ktgacRv #Europe #Germany #Rail #Transport,"[{'text': 'Europe', 'indices': [114, 121]}, {'text': 'Germany', 'indices': [122, 130]}, {'text': 'Rail', 'indices': [131, 136]}, {'text': 'Transport', 'indices': [137, 147]}]",en,,0,2022-04-01 00:00:00.000000
122,1122,Skif_Nomad,,,10,712,100,2020-01-01 00:00:00,1639054778230624260,2023-03-24 00:01:25.952,0,"Попередній твіт видалив, бо випадково потрапила фотка без бобра. А хто я такий без бобра?",[],uk,,8,2022-04-01 00:00:00.000000
123,1123,Cdanslair,,,10,96989,100,2020-01-01 00:00:00,1600544727006294016,2022-12-07 17:36:14.258,1,"""V. #Poutine avait mal jaugé cette résistance ukrainienne, cette capacité à construire une défense de façon collective, et on a la sensation en ce moment que c’est ce qui se passe. Les Occidentaux aident l’#Ukraine mais le peuple ukrainien est capable de se défendre"". @LukasAubin https://t.co/tYzv8upW6w","[{'text': 'Poutine', 'indices': [4, 12]}, {'text': 'Ukraine', 'indices': [206, 214]}]",fr,,8,2022-04-01 00:00:00.000000
124,1124,StaVlb,,,10,412,100,2020-01-01 00:00:00,1574842921949532174,2022-09-27 19:26:26.416,0,"⚡️Прем'єр-міністр Данії Метте Фредеріксен про північні потоки: «Це навмисні дії, а не випадковість... Ситуація настільки серйозна, наскільки це можливо, але я не вдаватимуся до здогадок про те, хто за цим стоїть»
#Украина #Ukraine️ #StandWithUkraine️ #War #Russia https://t.co/p00qZeuD7J","[{'text': 'Украина', 'indices': [213, 221]}, {'text': 'Ukraine️', 'indices': [222, 231]}, {'text': 'StandWithUkraine️', 'indices': [232, 250]}, {'text': 'War', 'indices': [251, 255]}, {'text': 'Russia', 'indices': [256, 263]}]",uk,,1,2022-04-01 00:00:00.000000
125,1125,toto__kitchen,,,10,382,100,2020-01-01 00:00:00,1584352361455046656,2022-10-24 01:13:33.471,0,"■本日の《ウクライナ🇺🇦チャリティーデザート》■
・チョコレートシフォン ￥200
 
※お持ち帰りのみ
※売上は全てウクライナ大使館に寄付します
※用途は「人道援助」です
(22年9月寄付⇒￥41,160)
#ウクライナチャリティー 
#standwithukraine 🇺🇦💙💛🕊🌻
 
⇒ https://t.co/aarwMqnIeV","[{'text': 'ウクライナチャリティー', 'indices': [105, 117]}, {'text': 'standwithukraine', 'indices': [119, 136]}]",ja,,1,2022-04-01 00:00:00.000000
126,1126,shi_ttara,,,10,402,100,2020-01-01 00:00:00,1511856369359818754,2022-04-07 00:00:22.045,11774,"Remember the dog in #Bucha who lost his owner? Good news: he found him! This dog sounds human! 

#dogsofukraine #StandWithUkraine #ArmUkraineNow https://t.co/wjpRuBxKZD","[{'text': 'Bucha', 'indices': [38, 44]}, {'text': 'dogsofukraine', 'indices': [115, 129]}]",en,,0,2022-04-01 00:00:00.000000
127,1127,Kelvin76054755,,,10,0,100,2020-01-01 00:00:00,1523271008450318336,2022-05-08 11:58:04.078,0,@DefenceU Happy Mother's Day to all the mother's out there and Strong 🇺🇦 women!!! #SlavaUkraini,"[{'text': 'SlavaUkraini', 'indices': [82, 95]}]",en,,0,2022-04-01 00:00:00.000000
128,1128,allyc375,,,10,11772,100,2020-01-01 00:00:00,1635732576622002178,2023-03-14 20:00:11.365,0,Another photo from our day trip to Oxford &amp; Windsor. I love this one as you can see my Scotland #StandWithUkraine bag. https://t.co/ah0C4qrZbj,"[{'text': 'StandWithUkraine', 'indices': [100, 117]}]",en,,5,2022-04-01 00:00:00.000000
129,1129,Hi45733134,,,10,7,100,2020-01-01 00:00:00,1645216417514418179,2023-04-10 00:05:35.235,0,"7 minutes ago! / `Massive` drone attack on Black Sea Fleet - Russia
 #UkraineRussianWar #UkraineWillWin #Luhansk #Donetsk #Bakhmut
 https://t.co/LmI4Kg99u8","[{'text': 'UkraineRussianWar', 'indices': [69, 87]}, {'text': 'UkraineWillWin', 'indices': [88, 103]}, {'text': 'Luhansk', 'indices': [104, 112]}, {'text': 'Donetsk', 'indices': [113, 121]}, {'text': 'Bakhmut', 'indices': [122, 130]}]",en,,1,2022-04-01 00:00:00.000000
130,1130,atomozero,,,10,803,100,2020-01-01 00:00:00,1521939174655463427,2022-05-04 19:45:50.157,2,@Doemela_X #FreeUkraine #FCKPTN https://t.co/82MM0uXr3M,"[{'text': 'FreeUkraine', 'indices': [29, 41]}, {'text': 'FCKPTN', 'indices': [42, 49]}]",und,,0,2022-04-01 00:00:00.000000
131,1131,Gina76280162,,,10,3325,100,2020-01-01 00:00:00,1510643963237179404,2022-04-03 15:42:41.900,4,"Ma ci volevano i morti disseminati sulle strade di #Bucha per fosse comuni rinvenute oggi, per capire che Putin è un bastardo criminale? E io non sono una politica, io lo dico , anzi lo urlo #PUTIN È UNO SCHIFOSO CRIMINALE !!","[{'text': 'Bucha', 'indices': [69, 75]}]",it,,0,2022-04-01 00:00:00.000000
132,1132,JoeMcCormac,,,10,415,100,2020-01-01 00:00:00,1525615028216418308,2022-05-14 23:12:21.940,0,Notice 🇫🇷and 🇩🇪 got nothing from the public and the public voted for Ukraine 🇺🇦. The people have spoken. France and Germany take note or maybe this is why the public are losing confidence in the EU #eu #EuropeanUnion #Eurovision2022 #Ukraine #StandWithUkraine #Macron #Scholz,"[{'text': 'eu', 'indices': [198, 201]}, {'text': 'EuropeanUnion', 'indices': [202, 216]}, {'text': 'Eurovision2022', 'indices': [217, 232]}, {'text': 'Ukraine', 'indices': [233, 241]}, {'text': 'StandWithUkraine', 'indices': [242, 259]}, {'text': 'Macron', 'indices': [260, 267]}, {'text': 'Scholz', 'indices': [268, 275]}]",en,,1,2022-04-01 00:00:00.000000
133,1133,customcore7,,,10,27178,100,2020-01-01 00:00:00,1510273368842375176,2022-04-02 15:10:05.311,214,"FM #Lavrov: Dictate &amp; blackmail is absolutely pointless towards countries like #Russia, #India, #China and many others. Those who offer &amp; impose such policy on others do not have a good understanding of national identity of countries they are trying to talk to in such language. https://t.co/airUGvAU0S","[{'text': 'Lavrov', 'indices': [23, 30]}, {'text': 'Russia', 'indices': [103, 110]}, {'text': 'India', 'indices': [112, 118]}, {'text': 'China', 'indices': [120, 126]}]",en,,0,2022-04-01 00:00:00.000000
134,1134,GuitarSunCat,,,10,8907,100,2020-01-01 00:00:00,1595906103799414785,2022-11-24 22:24:00.304,0,"I'd have to say, I concur w/none of that analysis. No doubt leadership is doing all they can on generators. No doubt some officials somewhere are sweating somebody about something, trying to get it done. US has been all over #Ukraine policy. They're doing what can be done.","[{'text': 'Ukraine', 'indices': [225, 233]}]",en,,0,2022-04-01 00:00:00.000000
135,1135,granmerkal,,,10,872,100,2020-01-01 00:00:00,1633137921304739842,2023-03-07 16:09:57.331,57,"♦️Jusqu’au bout cet homme aura gardé son honneur, ce soldat est un héros, au péril de sa vie, devant son peloton d’exécution sommaire, digne d’un Pierre Brossolette, il est resté droit, fier d’appartenir à cette société libre, jusqu’à renoncer à sa vie
#SlavaUkraini 🙏🏻😢🇺🇦🇪🇺 https://t.co/8mR3WetC0K","[{'text': 'SlavaUkraini', 'indices': [253, 266]}]",fr,,0,2022-04-01 00:00:00.000000
136,1136,MaterTenebraru1,,,10,485,100,2020-01-01 00:00:00,1513755038698688518,2022-04-12 05:45:00.091,1,@GiovaQuez La #meloni si schiera con chi le fa comodo! Fino al giorno prima adorava #Putin oppure dimentichiamo sempre tutto🤔,"[{'text': 'meloni', 'indices': [30, 37]}, {'text': 'Putin', 'indices': [100, 106]}]",it,,0,2022-04-01 00:00:00.000000
137,1137,papalia_chris,,,10,1212,100,2020-01-01 00:00:00,1582629480379535361,2022-10-19 07:07:26.613,0,"@Exusnx Don't forget, their principal arms supplier - North Korea!
🤣

#UkraineWillWin","[{'text': 'UkraineWillWin', 'indices': [70, 85]}]",en,,0,2022-04-01 00:00:00.000000
138,1138,chicabonitadon,,,10,296,100,2020-01-01 00:00:00,1630311468611534851,2023-02-27 20:58:38.496,186,"Time to listen to #lucasCage an #Iraq war #US veteran, again, while 100s of #Ukrainian troops are slaughtered by #RussianArmy in #Bakhmut: ""#Putin can unleash the full military💪MIGHT of🇷🇺Russia. Ukrainians have NO CHANCE whatsoever! Media is LYING to you guys"" #dontDieForNothing https://t.co/8P8zCkrT4e","[{'text': 'lucasCage', 'indices': [18, 28]}, {'text': 'Iraq', 'indices': [32, 37]}, {'text': 'US', 'indices': [42, 45]}, {'text': 'Ukrainian', 'indices': [76, 86]}, {'text': 'RussianArmy', 'indices': [113, 125]}, {'text': 'Bakhmut', 'indices': [129, 137]}, {'text': 'Putin', 'indices': [140, 146]}, {'text': 'dontDieForNothing', 'indices': [261, 279]}]",en,,0,2022-04-01 00:00:00.000000
139,1139,KazemEbrahim131,,,10,2120,100,2020-01-01 00:00:00,1518594074445377536,2022-04-25 14:13:36.118,5,ما شاهد استمرار حمایت از #اوکراین در کمیت و کیفیت هستیم ، جنگی ناخواسته و نابرابر با هدف اشغالگری و جاه طلبی ..یک سو شقاوت بی رحمی و کشتار و ویرانی ، یک سو مقاومتی مردمی با فدا و گذشت و شجاعت و عشق به آزادی میهن ..حمایت نظامی جدی از #Ukraine گویای بیداری وجدانهاست #ایران #Iran https://t.co/4dAYc7fIj2,"[{'text': 'اوکراین', 'indices': [46, 54]}]",fa,,0,2022-04-01 00:00:00.000000
140,1140,MexicoPost,,,10,67747,100,2020-01-01 00:00:00,1645865857762086912,2023-04-11 19:06:13.856,1,"🇺🇦 UCRANIA PROHÍBE EL USO DE FUEGOS ARTIFICIALES

🟩 Este día, el #Parlamento de #Ucrania, aprobó una ley que prohíbe los fuegos artificiales y los petardos con el fin de evitar traumas a los ucranianos que han estado expuestos a explosiones durante la invasión rusa. https://t.co/hHxRuRBh0z","[{'text': 'Parlamento', 'indices': [65, 76]}, {'text': 'Ucrania', 'indices': [80, 88]}]",es,,1,2022-04-01 00:00:00.000000
141,1141,welcome2ukr,,,10,199,100,2020-01-01 00:00:00,1638538673552596993,2023-03-22 13:50:37.008,0,"Ukrainian flag survived the #russian attack on #Zaporizhzhia today.
As of now, 21 civilians injured, including 2 children. At least one person was declared dead. That's another terrible #warCrime committed by #russians in #Ukraine.
We will withstand. Glory to Ukraine!🇺🇦 https://t.co/4NOpSQVE7o","[{'text': 'russian', 'indices': [28, 36]}, {'text': 'Zaporizhzhia', 'indices': [47, 60]}, {'text': 'warCrime', 'indices': [186, 195]}, {'text': 'russians', 'indices': [209, 218]}, {'text': 'Ukraine', 'indices': [222, 230]}]",en,,0,2022-04-01 00:00:00.000000
142,1142,Hkjhgc2,,,10,49,100,2020-01-01 00:00:00,1646890304400752641,2023-04-14 14:57:00.968,0,"Russian troops push towards the eastern Ukrainian city of Bakhmut
#Canada #Germany #America #Ukraine #Bakhmut
https://t.co/llpKeRf8Qa","[{'text': 'Canada', 'indices': [66, 73]}, {'text': 'Germany', 'indices': [74, 82]}, {'text': 'America', 'indices': [83, 91]}, {'text': 'Ukraine', 'indices': [92, 100]}, {'text': 'Bakhmut', 'indices': [101, 109]}]",en,,0,2022-04-01 00:00:00.000000
143,1143,UlfaniaEda,,,10,108,100,2020-01-01 00:00:00,1667266750331723776,2023-06-09 20:25:44.254,0,"Russia captures three more districts in the Ukrainian city of Bakhmut
#Canada #TikTok #Bakhmut #Kyiv #Ukraine
 https://t.co/WEHpbYRee7","[{'text': 'Canada', 'indices': [70, 77]}, {'text': 'TikTok', 'indices': [78, 85]}, {'text': 'Bakhmut', 'indices': [86, 94]}, {'text': 'Kyiv', 'indices': [95, 100]}, {'text': 'Ukraine', 'indices': [101, 109]}]",en,,0,2022-04-01 00:00:00.000000
144,1144,propisalski,,,10,3087,100,2020-01-01 00:00:00,1522775135803092993,2022-05-07 03:07:38.826,20,"- Russian forces continued assaults on the #Azovstal plant, but ISW cannot confirm any specific advances. Likely widespread civilian resistance to the Russian occupation may additionally disrupt previously announced Russian plans to conduct a Victory Day exhibition in #Mariupol.","[{'text': 'Azovstal', 'indices': [62, 71]}]",en,,0,2022-04-01 00:00:00.000000
145,1145,Alcircle,,,10,2586,100,2020-01-01 00:00:00,1638429483014455298,2023-03-22 06:36:43.955,0,"@NorskHydroASA Wicona to supply zero-carbon aluminium for the Innovationsbogen project in Germany

➡️https://t.co/OyA0PuPH5Y

#zerocarbonaluminium #Germany #HydroWicona #aluminium #HydroCIRCAL #alcirclenews #AlCircle https://t.co/OHPRZnD6Ir","[{'text': 'zerocarbonaluminium', 'indices': [126, 146]}, {'text': 'Germany', 'indices': [147, 155]}, {'text': 'HydroWicona', 'indices': [156, 168]}, {'text': 'aluminium', 'indices': [169, 179]}, {'text': 'HydroCIRCAL', 'indices': [180, 192]}, {'text': 'alcirclenews', 'indices': [193, 206]}, {'text': 'AlCircle', 'indices': [207, 216]}]",en,,0,2022-04-01 00:00:00.000000
146,1146,Odessa_Novosti,,,10,9200,100,2020-01-01 00:00:00,1646875344782385152,2023-04-14 13:57:34.317,0,"Думская → ""Мало светлого, много грязи, много жизни"": одесситам показали «Дворы» в современном искусстве https://t.co/d1vEgZiwxx новини Одеса #новини #Odessa #Ukraine https://t.co/SJVJKLfUA9","[{'text': 'новини', 'indices': [141, 148]}, {'text': 'Odessa', 'indices': [149, 156]}, {'text': 'Ukraine', 'indices': [157, 165]}]",ru,,0,2022-04-01 00:00:00.000000
147,1147,jan__Lope,,,10,522,100,2020-01-01 00:00:00,1647302251960999937,2023-04-15 18:13:56.920,106,"🚨🧵BREAKING: #FSBletters from #WindofChange dated April 14, 2023. Subject: #China's secret agreement to deliver weapons to #Russia.
Translation: ""I can vouch for the data with the highest degree of reliability. https://t.co/ptTc0c4YSI","[{'text': 'FSBletters', 'indices': [12, 23]}, {'text': 'WindofChange', 'indices': [29, 42]}, {'text': 'China', 'indices': [74, 80]}, {'text': 'Russia', 'indices': [122, 129]}]",en,,0,2022-04-01 00:00:00.000000
148,1148,globalumc,,,10,2241,100,2020-01-01 00:00:00,1518943653263298560,2022-04-26 13:22:42.203,1,Congregaciones metodista unidas en Europa busca ayudar frente a la guerra en Ucrania #IMU #UMC #IMULATINA #EUROPA #EUROPE #METODISTA #METHODIST #UCRANIA #UKRAINE #RUSIA #RUSSIA  https://t.co/AimNqsS88O,"[{'text': 'IMU', 'indices': [100, 104]}, {'text': 'UMC', 'indices': [105, 109]}, {'text': 'IMULATINA', 'indices': [110, 120]}, {'text': 'EUROPA', 'indices': [121, 128]}, {'text': 'EUROPE', 'indices': [129, 136]}]",es,,0,2022-04-01 00:00:00.000000
149,1149,MAnnurca,,,10,429,100,2020-01-01 00:00:00,1519187252265594880,2022-04-27 05:30:40.731,12,"Il pianista lituano Darius Mažintas, già vice ministro della cultura della Lituania, ha suonato davanti alle macerie della Casa della Cultura di #Irpin, la cittadina ucraina nelle vicinanze di #Kyiv attaccata dalla Russia nella prima fase della guerra. https://t.co/JGBCvR5odl",[],it,,0,2022-04-01 00:00:00.000000
150,1150,cybersecboardrm,,,10,45895,100,2020-01-01 00:00:00,1591436782142652416,2022-11-12 14:24:30.985,6,Questions about the Kremlin’s relationships with these groups remain. But researchers are finally getting some answers. #CyberSecurity #Russia #Cybercrime #ransomware  https://t.co/vOiENu9Onc,"[{'text': 'CyberSecurity', 'indices': [120, 134]}, {'text': 'Russia', 'indices': [135, 142]}, {'text': 'Cybercrime', 'indices': [143, 154]}, {'text': 'ransomware', 'indices': [155, 166]}]",en,,4,2022-04-01 00:00:00.000000
151,1151,BlogUkraine,,,10,6806,100,2020-01-01 00:00:00,1623945678261977091,2023-02-10 07:23:15.806,7,"#352dayofwar

⚡Map of the war in #Ukraine by the Institute for the Study of War (@TheStudyofWar)

#UkraineWar #StandWithUkraine #UkraineRussiaWar #StopRussiaNOW #RussiaIsATerroristState #russiaisaterrorisstate https://t.co/hA65QGHQUp","[{'text': '352dayofwar', 'indices': [0, 12]}, {'text': 'Ukraine', 'indices': [33, 41]}, {'text': 'UkraineWar', 'indices': [98, 109]}, {'text': 'StandWithUkraine', 'indices': [110, 127]}, {'text': 'UkraineRussiaWar', 'indices': [128, 145]}, {'text': 'StopRussiaNOW', 'indices': [146, 160]}, {'text': 'RussiaIsATerroristState', 'indices': [161, 185]}, {'text': 'russiaisaterrorisstate', 'indices': [186, 209]}]",en,,11,2022-04-01 00:00:00.000000
152,1152,rockets9394,,,10,427,100,2020-01-01 00:00:00,1527592917229096960,2022-05-20 10:11:47.428,300,#Ukraine: More action footage of PZR Piorun MANPADS with the troops of 95th Air Assault Brigade of Ukraine in the East - two Russian Orlan-10 reconnaissance UAVs were reportedly shot down. https://t.co/qEVlzMrtlh,"[{'text': 'Ukraine', 'indices': [15, 23]}]",en,,0,2022-04-01 00:00:00.000000
153,1153,MelankaUA,,,10,17,100,2020-01-01 00:00:00,1525923784775065600,2022-05-15 19:39:15.240,0,"@Metropoolregio @erasmusuni @EdBrinksmaEUR @De_andere_Kris @Midden_Delfland Een Russische tanker gevuld met bloederige olie ligt voor anker in de haven van Rotterdam, wachtend om te worden gelost.  Wees niet stil, wees geen medeplichtige.  We moeten stoppen met het financieren van Russische olie. #StopRussia #StandWithUkriane","[{'text': 'StopRussia', 'indices': [298, 309]}, {'text': 'StandWithUkriane', 'indices': [310, 327]}]",nl,,0,2022-04-01 00:00:00.000000
154,1154,alalina_,,,10,2,100,2020-01-01 00:00:00,1519772170276253697,2022-04-28 20:14:56.052,0,"@HaroldAgyeman 
We call on the @UN to open an urgent humanitarian corridor for wounded and civilians trapped in Mariupol and Azovstal plant IMMEDIATELY❗️❗️❗️
#saveMariupol","[{'text': 'saveMariupol', 'indices': [158, 171]}]",en,,0,2022-04-01 00:00:00.000000
155,1155,seguisetipiace,,,10,585,100,2020-01-01 00:00:00,1522326338081902593,2022-05-05 21:24:17.111,2,"E tutti oggi vogliono andare verso il #Metaverso! Solo io  verso  il #medioevo ?... Tipo 2018 ?

Tipo: niente #covid, ...Niente #mascherine, .. Niente #greenpass, ... Niente #terzaguerramondiale...
Niente #draghi..?

La butto là cosi..eh, 
...sia mai un like 😅","[{'text': 'Metaverso', 'indices': [38, 48]}, {'text': 'medioevo', 'indices': [69, 78]}, {'text': 'covid', 'indices': [110, 116]}, {'text': 'mascherine', 'indices': [128, 139]}, {'text': 'greenpass', 'indices': [151, 161]}, {'text': 'terzaguerramondiale', 'indices': [174, 194]}, {'text': 'draghi', 'indices': [205, 212]}]",it,,3,2022-04-01 00:00:00.000000
156,1156,zabytki_ua,,,10,7598,100,2020-01-01 00:00:00,1525494276691734528,2022-05-14 15:12:32.533,1,"#SaveMariupol 
#SaveAzovstal https://t.co/UZKVO6KNNY","[{'text': 'SaveMariupol', 'indices': [0, 13]}, {'text': 'SaveAzovstal', 'indices': [15, 28]}]",und,,1,2022-04-01 00:00:00.000000
157,1157,ezio14199935,,,10,984,100,2020-01-01 00:00:00,1525878284764028928,2022-05-15 16:38:27.192,421,"Delusione per Mahmood e Blanco
#Eurovision #SlavaUkraini https://t.co/JC9dsUh5S7","[{'text': 'Eurovision', 'indices': [50, 61]}, {'text': 'SlavaUkraini', 'indices': [62, 75]}]",da,,0,2022-04-01 00:00:00.000000
158,1158,BeenDunOver,,,10,316,100,2020-01-01 00:00:00,1565109311482855425,2022-08-31 22:48:32.839,0,"@DefenceU Great trolling by the Ministry of Defence 🤣🤣🤣🤣

Lets hope the #russians accept your advice

#UkraineWillWin","[{'text': 'russians', 'indices': [72, 81]}, {'text': 'UkraineWillWin', 'indices': [102, 117]}]",en,,3,2022-04-01 00:00:00.000000
159,1159,gael62282,,,10,15,100,2020-01-01 00:00:00,1642351355929952257,2023-04-02 02:20:51.323,14,"#1Abr| 🇻🇪 📢 ¡ETIQUETA DEL DÍA! ▶️  #Somos #Tendencia #Twitter

             #OfensivaMoral ✌️🇻🇪👊

   ¡La corrupción es un antivalor!

#MoralEnAltoCaigaQuienCaiga 🚨 https://t.co/49x4DFBBEP","[{'text': '1Abr', 'indices': [0, 5]}, {'text': 'Somos', 'indices': [35, 41]}, {'text': 'Tendencia', 'indices': [42, 52]}, {'text': 'Twitter', 'indices': [53, 61]}, {'text': 'OfensivaMoral', 'indices': [76, 90]}, {'text': 'MoralEnAltoCaigaQuienCaiga', 'indices': [134, 161]}]",es,,0,2022-04-01 00:00:00.000000
160,1160,lamatzzi,,,10,2,100,2020-01-01 00:00:00,1514727200565702662,2022-04-14 22:08:01.542,185,"A 12-year-old boy Dmytro Keda, who fled from Mariupol, scored the winning goal for Donetsk Shakhtar in a charity game. He came on the field in a T-shirt with the 21st number and the inscription ""Mariupol"". Look also at other players from #Ukraine who have the cities on T-shirts https://t.co/ZskciKauKp",[],en,,0,2022-04-01 00:00:00.000000
161,1161,aynalem_fantu,,,10,1360,100,2020-01-01 00:00:00,1516554658084442128,2022-04-19 23:09:41.367,141,Det är mer än ett år sedan#Eritrea berättade för UNSC @antonioguterres att dessa trupper drar sig tillbaka från #Tigray. Ändå är #Eritreanska styrkor fortfarande i Tigray och fortsätter #TigrayGenocide ostraffat. Agera och ställa förövare till svars #TigrayGenocide @SwedishPM,[],sv,,0,2022-04-01 00:00:00.000000
162,1162,hasancmc1,,,10,38,100,2020-01-01 00:00:00,1509816477905563648,2022-04-01 08:54:34.023,1,"#TRENDS published a new #insight entitled ""#Serbia: Halfway between #Brussels and #Moscow” by Nicola Zordan, Young Researcher, Holds a BA in International Studies at the University of Trento.

To Read the Insight: https://t.co/Ke3PdN6L34","[{'text': 'TRENDS', 'indices': [14, 21]}, {'text': 'insight', 'indices': [38, 46]}, {'text': 'Serbia', 'indices': [57, 64]}, {'text': 'Brussels', 'indices': [82, 91]}, {'text': 'Moscow', 'indices': [96, 103]}]",en,,0,2022-04-01 00:00:00.000000
163,1163,POLYMERBAZAAR,,,10,9030,100,2020-01-01 00:00:00,1637991135887884295,2023-03-21 01:34:53.856,0,"🅿️🅱️

▶️ *21st Mar”23 - #China #Bazaar, #Future Trade Opening alert (Active Deals for May 23 ):*

#PP futures opened higher at 7555 RMB/mt against yesterday’s closed of 7503 RMB/mt.","[{'text': 'China', 'indices': [24, 30]}, {'text': 'Bazaar', 'indices': [31, 38]}, {'text': 'Future', 'indices': [40, 47]}, {'text': 'PP', 'indices': [98, 101]}]",en,,0,2022-04-01 00:00:00.000000
164,1164,patcharadanai14,,,10,11,100,2020-01-01 00:00:00,1524369292241694720,2022-05-11 12:42:15.339,2,"จะมีน้ำมันเบนซินและดีเซลในยูเครน - รองหัวหน้าสำนักงาน ปธน. Rostislav Shurma กล่าว
🔺ผู้ผลิตผลิตภัณฑ์น้ำมันรายใหญ่ที่สุดถูกทิ้งระเบิด คลังน้ำมันหลายสิบแห่ง ทะเลดำถูกปิดกั้น ซึ่งเป็นช่องทางการจัดหาน้ำมันดีเซลและน้ำมันเบนซินที่สำคัญ

(1/2) #ยูเครน #Ukraine #ยูเครนรัสเซีย #StopRussia https://t.co/S5byUhcaeG",[],th,,0,2022-04-01 00:00:00.000000
165,1165,Real_eSKa,,,10,3,100,2020-01-01 00:00:00,1637123715468087301,2023-03-18 16:08:04.712,205,⭕🇺🇦 #Ukraine: Who did this?😂 https://t.co/sjxeDou9p9,"[{'text': 'Ukraine', 'indices': [4, 12]}]",en,,0,2022-04-01 00:00:00.000000
166,1166,krists_kalnins,,,10,2298,100,2020-01-01 00:00:00,1518656088672985088,2022-04-25 18:20:01.462,10,"Right now there are no Russian troops west of the Dnieper River. So why don’t we put #Nato troops into western #Ukraine to carry out humanitarian missions &amp; to set up a forward arms supply base?, - General Breedlove
https://t.co/ln51Mbjc8O","[{'text': 'Nato', 'indices': [102, 107]}, {'text': 'Ukraine', 'indices': [128, 136]}]",en,,0,2022-04-01 00:00:00.000000
167,1167,milehighresists,,,10,4175,100,2020-01-01 00:00:00,1525282478063161345,2022-05-14 01:10:55.805,1815,"Reportedly, one of the brigades that tortured, raped and killed people in #Bucha - unit 51460 from the village of Knyaze-Volkonskoye, Khabarovsk Krai, #Russia. Commander of the unit is Lt Colonel Omurbekov Azatbek Asanbekovich. #BuchaMassacre https://t.co/ukTftkdR3Q","[{'text': 'Bucha', 'indices': [91, 97]}]",en,,0,2022-04-01 00:00:00.000000
168,1168,innova_center,,,10,55,100,2020-01-01 00:00:00,1598418879587426306,2022-12-01 20:48:52.737,0,"😄😄😄Somebody tell #Putin he has run out of missiles. Otherwise, he does not know and continues to shoot https://t.co/3jo9KDSuI6","[{'text': 'Putin', 'indices': [17, 23]}]",en,,1,2022-04-01 00:00:00.000000
169,1169,Damian09733512,,,10,1096,100,2020-01-01 00:00:00,1519515963892318209,2022-04-28 03:16:51.690,1391,All you need to know about@#Russia and #Ukraine https://t.co/cBkc5FRViI,"[{'text': 'Russia', 'indices': [47, 54]}, {'text': 'Ukraine', 'indices': [59, 67]}]",en,,0,2022-04-01 00:00:00.000000
170,1170,franco_sala,,,10,66806,100,2020-01-01 00:00:00,1524441912509452290,2022-05-11 17:30:49.360,1,"Vertice #Biden - #Draghi , ricordiamo alla Nato e all'Unione Europea Ue la guerra e' iniziata nel 2014 quando il battaglione #Azov stermino' 14.000 civili tra donne, bambini e uomini filo-russi, pertanto l'intervento russo era necessario per porre fine a questo massacro spietato.","[{'text': 'Biden', 'indices': [8, 14]}, {'text': 'Draghi', 'indices': [17, 24]}, {'text': 'Azov', 'indices': [125, 130]}]",it,,1,2022-04-01 00:00:00.000000
171,1171,RichMacc,,,10,3991,100,2020-01-01 00:00:00,1522114466334318592,2022-05-05 07:22:22.950,172,"Finally, next (6th) package of sanctions is sent by #EuroCommision to #EU countries. Soon to be voted in. Yay!

#StandWithUkraine","[{'text': 'EuroCommision', 'indices': [72, 86]}, {'text': 'EU', 'indices': [90, 93]}]",en,,0,2022-04-01 00:00:00.000000
172,1172,ryansbastu,,,10,34,100,2020-01-01 00:00:00,1516464642788319232,2022-04-19 17:12:00.048,0,"Folk vet att de har fel när de inte vill att vi skall kunna besvara deras vanföreställningar. Det är nästan synd att människor med OCD kan med en envis tvångstanke twittra dumheter hela tiden.
#Mariupol #svpol https://t.co/f8VUdwCtK8","[{'text': 'Mariupol', 'indices': [193, 202]}, {'text': 'svpol', 'indices': [203, 209]}]",sv,,0,2022-04-01 00:00:00.000000
173,1173,excel_templates,,,10,808,100,2020-01-01 00:00:00,1530102943545958405,2022-05-27 08:25:44.336,0,#Excel solution for #business: Property Financial Statement https://t.co/o03jryw5Nl https://t.co/WweZVXyFeN,"[{'text': 'Excel', 'indices': [0, 6]}, {'text': 'business', 'indices': [20, 29]}]",en,,0,2022-04-01 00:00:00.000000
174,1174,96Ankeshkr,,,10,17,100,2020-01-01 00:00:00,1514536825305837576,2022-04-14 09:31:32.543,1,"Some good information about the Russian ship ""Moskva"".
Andrei Martyanov = very credible source.
#Ukraine #UkraineWar #UkraineRussia #UkraineRussiaWar #UkraineRussianWar https://t.co/ngjr04l3jI","[{'text': 'Ukraine', 'indices': [110, 118]}, {'text': 'UkraineWar', 'indices': [119, 130]}]",en,,0,2022-04-01 00:00:00.000000
175,1175,mroeppel,,,10,488,100,2020-01-01 00:00:00,1637801732632707072,2023-03-20 13:02:16.601,0,Kijk ze eens blij zijn. En wie staat er boven aan? Ze doen daar zeker toch iets goed in #China https://t.co/ff5hVXKerw,"[{'text': 'China', 'indices': [88, 94]}]",nl,,0,2022-04-01 00:00:00.000000
176,1176,art_kryne,,,10,858,100,2020-01-01 00:00:00,1634150724585005056,2023-03-10 11:14:28.450,0,#ВійнавУкраїні #war #RussiaIsATerroristState #Ukraine #Україна #russianarmy #illustration #вторжениероссии https://t.co/xKFHCh9mIT,"[{'text': 'ВійнавУкраїні', 'indices': [0, 14]}, {'text': 'war', 'indices': [15, 19]}, {'text': 'RussiaIsATerroristState', 'indices': [20, 44]}, {'text': 'Ukraine', 'indices': [45, 53]}, {'text': 'Україна', 'indices': [54, 62]}, {'text': 'russianarmy', 'indices': [63, 75]}, {'text': 'illustration', 'indices': [76, 89]}, {'text': 'вторжениероссии', 'indices': [90, 106]}]",und,,0,2022-04-01 00:00:00.000000
177,1177,luiggicavalieri,,,10,7478,100,2020-01-01 00:00:00,1649058690077523976,2023-04-20 14:33:24.400,217,"ESTA EMBOSCADA DE DELCY RODRÍGUEZ A SERGUÉI LAVROV LE DIO COMEZÓN A LOS ESCUALIDOS

En medio de una apretada agenda de Trabajo, una broma entre los altos funcionarios de #Rusia y #Venezuela no está demás 

VIVA LA UNIÓN DE RUSIA 🇷🇺 Y VENEZUELA 🇻🇪

#ManoDeHierro #20Abril #Paz https://t.co/u73ZbPBwGN","[{'text': 'Rusia', 'indices': [170, 176]}, {'text': 'Venezuela', 'indices': [179, 189]}, {'text': 'ManoDeHierro', 'indices': [248, 261]}, {'text': '20Abril', 'indices': [262, 270]}, {'text': 'Paz', 'indices': [271, 275]}]",es,,0,2022-04-01 00:00:00.000000
178,1178,SureshLimbani3,,,10,21,100,2020-01-01 00:00:00,1530155889512038400,2022-05-27 11:56:07.638,77,Annual fees of Hungary is Rs 10-15 lacs which cannot be afforded. Hungarian is considered as world's most difficult language &amp; interaction with patients &amp; people will be a difficult task.Kindly absorb us in India. #UkraineRussiaWar @PMOIndia @DrSJaishankar @MoHFW_INDIA @MEAIndia https://t.co/RntHSpvkOg,[],en,,0,2022-04-01 00:00:00.000000
179,1179,Atlas_Hellfire,,,10,90,100,2020-01-01 00:00:00,1642575484704702465,2023-04-02 17:11:27.787,166,#Ukraine: A Russian T-80BV tank was struck and destroyed by what appears to be an FGM-148 Javelin ATGM fired by Ukrainian forces in #Luhansk Oblast- filmed by Russian soldiers in the tank behind. https://t.co/x7huL3f5gV,"[{'text': 'Ukraine', 'indices': [0, 8]}, {'text': 'Luhansk', 'indices': [132, 140]}]",en,,0,2022-04-01 00:00:00.000000
180,1180,eudebates,,,10,133,100,2020-01-01 00:00:00,1531303104477646848,2022-05-30 15:54:45.000,55,"The world’s food supply is in danger.  

Putin and its unjustified invasion of Ukraine are creating a crisis that endangers the food security of millions of people in many parts of the world.  

#StandWithUkraine https://t.co/M1umulOvEt",[],en,,0,2022-04-01 00:00:00.000000
181,1181,InformazioneA,,,10,1250,100,2020-01-01 00:00:00,1619530775573024770,2023-01-29 03:00:00.980,0,"#Turkey #January28
-Embassies of #USA #Germany and #France issued security alerts to their citizens regarding potential terrorist attacks at Western places of worship
-This regarding possible reprisals for Korans burnt in #Sweden https://t.co/vux2jBdMQn","[{'text': 'Turkey', 'indices': [0, 7]}, {'text': 'January28', 'indices': [8, 18]}, {'text': 'USA', 'indices': [33, 37]}, {'text': 'Germany', 'indices': [38, 46]}, {'text': 'France', 'indices': [51, 58]}, {'text': 'Sweden', 'indices': [222, 229]}]",en,,0,2022-04-01 00:00:00.000000
182,1182,Beatry_Muro_C,,,10,168,100,2020-01-01 00:00:00,1526944922464550912,2022-05-18 15:16:53.437,8,"#Erdogan gehts beim #NATO Veto nicht um #Finnland + #Schweden -er pokert um Bewaffnung für seine völkerrechtswidrigen Kriege,F16-Kampfjets aus USA, wer weiß, vielleicht hilft #Ampel auch mit frischem Geld &amp; Panzermodernisierung für Krieg gegen #Kurden …👎 https://t.co/4F4pk7zjrz","[{'text': 'Erdogan', 'indices': [19, 27]}, {'text': 'NATO', 'indices': [39, 44]}, {'text': 'Finnland', 'indices': [59, 68]}, {'text': 'Schweden', 'indices': [71, 80]}]",de,,0,2022-04-01 00:00:00.000000
183,1183,harrry_t,,,10,90,100,2020-01-01 00:00:00,1634126038325161984,2023-03-10 09:36:22.787,30,"Notre Empereur #Poutine salué la réélection à l'unanimité de Xi Jinping au poste de Président ""malgré un contexte électoral difficile et une opposition acharnée"". Il a qualifié cette victoire de ""grand pas pour la démocratie, la liberté et les droits des Ouïghours"". https://t.co/MYaNWITXOz","[{'text': 'Poutine', 'indices': [15, 23]}]",fr,,0,2022-04-01 00:00:00.000000
184,1184,B3TM_,,,10,101,100,2020-01-01 00:00:00,1567580237696843783,2022-09-07 18:27:07.556,0,"#بوتين #روسيا #Russia #Moscow

فشل العقوبات وانعكاسها على الغرب درس للتاريخ 

 ولا يستطيع بايدن ان يجرؤ على جعل روسيا راعية للإرهاب. #بايدن #USA #اوكرانيا #Ukraina https://t.co/AVAC5lXf1a","[{'text': 'بوتين', 'indices': [0, 6]}, {'text': 'روسيا', 'indices': [7, 13]}, {'text': 'Russia', 'indices': [14, 21]}, {'text': 'Moscow', 'indices': [22, 29]}, {'text': 'بايدن', 'indices': [133, 139]}, {'text': 'USA', 'indices': [140, 144]}, {'text': 'اوكرانيا', 'indices': [145, 154]}, {'text': 'Ukraina', 'indices': [155, 163]}]",ar,,0,2022-04-01 00:00:00.000000
185,1185,tigst54,,,10,692,100,2020-01-01 00:00:00,1517156252886908928,2022-04-21 15:00:12.745,258,The #Ethiopian gov’t will use the $300 mil grant by the World Bank to buy more high tech drones and intensify the #genocide in #Tigray. #WorldBankStopFundingTigrayGenocide @SecBlinken @JosepBorrellF @WorldBank @UN_HRC @DavidMalpassWBG @IMFNews,"[{'text': 'Ethiopian', 'indices': [18, 28]}, {'text': 'genocide', 'indices': [128, 137]}]",en,,0,2022-04-01 00:00:00.000000
186,1186,raymondskitchen,,,10,1856,100,2020-01-01 00:00:00,1524798099545280514,2022-05-12 17:06:10.967,3,"#US lawmakers say they will work to ensure “swift consideration” for #Finland and Sweden if they apply to be members of #NATO.

https://t.co/4qFLrCr3Ry","[{'text': 'US', 'indices': [19, 22]}, {'text': 'Finland', 'indices': [88, 96]}]",en,,0,2022-04-01 00:00:00.000000
187,1187,ilona_2022,,,10,1147,100,2020-01-01 00:00:00,1613098491944878080,2023-01-11 09:00:25.057,3,"Cioè...l'Italia ha effettuato spostamenti di bilancio di 76 miliardi per la #guerra in #Ucraina ma non può alzare stipendi fermi a 4,5€/ora perché BCE non è d'accordo. in pratica siamo prigionieri dell'UE ed i nostri politici soffrono di sindrome di Stoccolma. Siamo nella 💩.","[{'text': 'guerra', 'indices': [76, 83]}, {'text': 'Ucraina', 'indices': [87, 95]}]",it,,20,2022-04-01 00:00:00.000000
188,1188,MarieHilleto,,,10,2,100,2020-01-01 00:00:00,1601618610170236928,2022-12-10 16:43:27.956,0,"We raised money to buy food for civilians, the military escorted a cargo of food to a Volunteer kitchen in Lviv. If you want to help personally or financially, write to us.
#Ukraine️ #UkrainianArmy #volunteer #followme #retwit https://t.co/qBFTtVAMz2","[{'text': 'Ukraine️', 'indices': [173, 182]}, {'text': 'UkrainianArmy', 'indices': [183, 197]}, {'text': 'volunteer', 'indices': [198, 208]}, {'text': 'followme', 'indices': [209, 218]}, {'text': 'retwit', 'indices': [219, 226]}]",en,,0,2022-04-01 00:00:00.000000
189,1189,JamesBullman,,,10,533,100,2020-01-01 00:00:00,1516928703900663808,2022-04-20 23:56:00.839,10,"Unbelievable footage of Israel under fire tonight from terrorist rockets from #Gaza 

https://t.co/CRtPS6jDRi","[{'text': 'Gaza', 'indices': [98, 103]}]",en,,0,2022-04-01 00:00:00.000000
190,1190,TalakhadzeJ,,,10,98,100,2020-01-01 00:00:00,1526190586969088002,2022-05-16 13:19:25.840,0,"The question is , Are we witnessing downfall of the Eurovision Song Contest ? #Eurovision https://t.co/dWg6UFG1mK","[{'text': 'Eurovision', 'indices': [78, 89]}]",en,,0,2022-04-01 00:00:00.000000
191,1191,Cataluna112,,,10,175,100,2020-01-01 00:00:00,1527786037891710976,2022-05-20 22:59:10.982,179,"Ukrainian partisan movement is active in temporarily occupied regions despite the danger. In #Kherson partisans raised a Ukrainian flag over the railroad station. 
Great job, guys, but please be careful, your safety matters above all. #StandWithUkraine️ #UkraineUnderAttack https://t.co/lKYzdsImtg","[{'text': 'Kherson', 'indices': [114, 122]}]",en,,0,2022-04-01 00:00:00.000000
192,1192,leFeticheGuerre,,,10,77,100,2020-01-01 00:00:00,1525410145500598273,2022-05-14 09:38:14.094,1,Soutien au peuple Ukrainien #Ukraine https://t.co/8BqqjUnMW9,"[{'text': 'Ukraine', 'indices': [28, 36]}]",fr,,1,2022-04-01 00:00:00.000000
193,1193,Christodoulakos,,,10,2086,100,2020-01-01 00:00:00,1569965111724343297,2022-09-14 08:23:45.833,0,"Οχι δε μπορώ να πώ... Καλά τα πάνε οι Ρώσοι πιλότοι. Αρκεί να μην πίνουν πολύ! 😂🤣😆
#PutinWarCrimes #UkraineRussianWar #Πολεμος_στην_Ουκρανια https://t.co/RUEFFZiSwy","[{'text': 'PutinWarCrimes', 'indices': [83, 98]}, {'text': 'UkraineRussianWar', 'indices': [99, 117]}, {'text': 'Πολεμος_στην_Ουκρανια', 'indices': [118, 140]}]",el,,1,2022-04-01 00:00:00.000000
194,1194,Kostian_V,,,10,5970,100,2020-01-01 00:00:00,1590431077998678016,2022-11-09 19:48:12.432,0,"""As #Russia tries to dig in, #Ukraine’s challenge will be to repeat its victory in #Kherson"" https://t.co/7jpRHmbSyG","[{'text': 'Russia', 'indices': [4, 11]}, {'text': 'Ukraine', 'indices': [29, 37]}, {'text': 'Kherson', 'indices': [83, 91]}]",en,,0,2022-04-01 00:00:00.000000
195,1195,bartamos,,,10,71,100,2020-01-01 00:00:00,1527273587304017920,2022-05-19 13:02:53.241,1092,"🇺🇸 FLASH - ""La décision d'un seul homme d'avoir envahi l'Irak... je veux dire, l'Ukraine"" : gros lapsus de l’ancien président américain George W. Bush, qui a évoqué ""l’invasion totalement injustifiée de l’Irak"" au lieu de l’#Ukraine. (L’Obs)",[],fr,,0,2022-04-01 00:00:00.000000
196,1196,suepope10,,,10,109,100,2020-01-01 00:00:00,1513744004206182402,2022-04-12 05:01:09.263,11,@LatestAnonPress Is it possible to hack the Russian missile systems so they go up then back down from whence they came to destroy what set them off? Karma. #SlavaUkraini,[],en,,0,2022-04-01 00:00:00.000000
197,1197,Marius_Rx,,,10,8435,100,2020-01-01 00:00:00,1519618210110361600,2022-04-28 10:03:09.088,1,"[Presse] « Les demandeurs d’#asile et les #réfugiés venant d’autres pays que l’#Ukraine devraient bénéficier de conditions d’#accueil équivalentes », tribune de Alain Mercuel, Andrea Tortelli et @mkmelchior, @lemondefr, 4 avr. 2022

En savoir plus : https://t.co/nZ9K5s2N05","[{'text': 'asile', 'indices': [46, 52]}, {'text': 'réfugiés', 'indices': [60, 69]}, {'text': 'Ukraine', 'indices': [97, 105]}]",fr,,0,2022-04-01 00:00:00.000000
198,1198,VlogShabbir,,,10,533,100,2020-01-01 00:00:00,1667104734891905024,2023-06-09 09:41:56.763,98,"यूक्रेन में बांध टूटने से डूबे 2000 घर: 30 कस्बे बाढ़ की चपेट में; जेलेंस्की का दावा- पानी में तैर रही डेड बॉडीज
#Ukraine 
https://t.co/M5RgmzIeG9 https://t.co/HKzzJgI0Jd","[{'text': 'Ukraine', 'indices': [113, 121]}]",hi,,0,2022-04-01 00:00:00.000000
199,1199,Lapointe_JP,,,10,110,100,2020-01-01 00:00:00,1515965878768177154,2022-04-18 08:10:05.439,2,"20 600 servicemen, more than 2000 APVs, and 790 tanks: see the latest update on Russia's combat losses. Source: the General Staff of the Armed Forces of Ukraine. #StopRussia https://t.co/nsdNV4O4QE",[],en,,0,2022-04-01 00:00:00.000000
200,1200,franckysnot,,,10,21,100,2020-01-01 00:00:00,1517819243982688257,2022-04-23 10:54:42.140,47,"Lalanne sur #UkraineRussiaWar 
« ce qu’est entrain de faire #Poutine en Ukraine est plus une libération de l’Ukraine qu’une occupation de l’Ukraine »
«Il n’y a pas de déclaration de guerre de la Russie à l’Ukraine,c’est l’Europe qui est entrain de déclarer la guerre à la Russie » https://t.co/C2uMu2JAae","[{'text': 'UkraineRussiaWar', 'indices': [29, 46]}, {'text': 'Poutine', 'indices': [77, 85]}]",fr,,0,2022-04-01 00:00:00.000000
201,1201,ticget,,,10,1545,100,2020-01-01 00:00:00,1636571846215880705,2023-03-17 03:35:08.829,0,"Perfectly Scuba Diving At Nusa Penida Without License

https://t.co/ZODzXWc2iI

#Travel #Brunei #Tours #holiday #vacation #adventure #Dubai #Philippines #Emirates #uea #Singapore #Malaysian #Indian #Australia #America #Bali #trip #europe #السعودية","[{'text': 'Travel', 'indices': [80, 87]}, {'text': 'Brunei', 'indices': [88, 95]}, {'text': 'Tours', 'indices': [96, 102]}, {'text': 'holiday', 'indices': [103, 111]}, {'text': 'vacation', 'indices': [112, 121]}, {'text': 'adventure', 'indices': [122, 132]}, {'text': 'Dubai', 'indices': [133, 139]}, {'text': 'Philippines', 'indices': [140, 152]}, {'text': 'Emirates', 'indices': [153, 162]}, {'text': 'uea', 'indices': [163, 167]}, {'text': 'Singapore', 'indices': [168, 178]}, {'text': 'Malaysian', 'indices': [179, 189]}, {'text': 'Indian', 'indices': [190, 197]}, {'text': 'Australia', 'indices': [198, 208]}, {'text': 'America', 'indices': [209, 217]}, {'text': 'Bali', 'indices': [218, 223]}, {'text': 'trip', 'indices': [224, 229]}, {'text': 'europe', 'indices': [230, 237]}, {'text': 'السعودية', 'indices': [238, 247]}]",en,,1,2022-04-01 00:00:00.000000
202,1202,_illaMel,,,10,1778,100,2020-01-01 00:00:00,1525633685592096768,2022-05-15 00:26:30.205,27,"UN BESITO PARA FRANCIA, QUE DESDE ARRIBA CON TANTOS PUNTOS, NO OS VEMOS
#eurovision
#EurovisionRTV https://t.co/UnuovtmOWw","[{'text': 'eurovision', 'indices': [90, 101]}, {'text': 'EurovisionRTV', 'indices': [102, 116]}]",es,,0,2022-04-01 00:00:00.000000
203,1203,02_ranjan,,,10,20,100,2020-01-01 00:00:00,1510442997279703042,2022-04-03 02:24:07.882,1263,"1. Political crisis in #Pakistan
2. State of emergency in #SriLanka
3. Military rule in #Myanmar
4. Taliban rule in #Afghanistan
5. One party rule in #China
6. One man rule in #Russia
7. Indians enjoying #IPL 
Still few seculars here feel #India is unsafe!!!!
#nationfirst","[{'text': 'Pakistan', 'indices': [41, 50]}, {'text': 'SriLanka', 'indices': [76, 85]}, {'text': 'Myanmar', 'indices': [106, 114]}]",en,,0,2022-04-01 00:00:00.000000
204,1204,P_E_T_O_O,,,10,1241,100,2020-01-01 00:00:00,1566029246140751877,2022-09-03 11:44:02.353,0,"Plz RESCUE a VULNERABLE PET in #UKRAINE  
@artecsalesinc 
@AnitaPokhriyal1 
@gurutzeguiralde 
@Luis_etv1000 
@skyhime1 
@KabuyeSteven5 
@profplum203 
@Finnlea4 
@uglyjewel 
@Witch_of_Z 
@paleopancake 
@_Sergio_Govea_ 
@superchat 
@gikopoipoi
@Cristin32578623 
@mamavegan1969 https://t.co/usRIoGv6Xn","[{'text': 'UKRAINE', 'indices': [31, 39]}]",en,,0,2022-04-01 00:00:00.000000
205,1205,ZebuletteC,,,10,1087,100,2020-01-01 00:00:00,1513530944598286340,2022-04-11 14:54:31.894,3,"Deux médecins légistes et une quinzaine de #gendarmes spécialistes des scènes de crime et d’identification des victimes sont arrivés ce lundi matin en #Ukraine. Ces experts de l'#IRCGN vont apporter leur expertise aux autorités ukrainiennes.
https://t.co/z40V0A2vUV","[{'text': 'gendarmes', 'indices': [58, 68]}]",fr,,0,2022-04-01 00:00:00.000000
206,1206,suskasusi,,,10,728,100,2020-01-01 00:00:00,1629804451979460610,2023-02-26 11:23:56.311,7,"This is where U.S. dollars are going...
#Ukrainian soldiers doing a Nazi salute. 
Their parting words are: ''Slava Nazi''. https://t.co/CiAVCAqfsa","[{'text': 'Ukrainian', 'indices': [40, 50]}]",en,,0,2022-04-01 00:00:00.000000
207,1207,DrakenSOTH,,,10,32,100,2020-01-01 00:00:00,1577763628903976960,2022-10-05 20:52:17.218,0,很多人以為俄軍可以在全速撤退下保留大部分兵力，這些人可能都沒當過兵，你要作戰你需要有彈藥油料各種整補跟裝備，而很明顯這些東西在一天數十公里的撤退戰當中都不可能帶走，頂多幾個人搭著卡車帶著輕武器逃走就很了不起了 #UkraineRussiaWar #烏克蘭戰爭 #ukrainecounteroffensive,"[{'text': 'UkraineRussiaWar', 'indices': [105, 122]}, {'text': '烏克蘭戰爭', 'indices': [123, 129]}, {'text': 'ukrainecounteroffensive', 'indices': [130, 154]}]",zh,,0,2022-04-01 00:00:00.000000
208,1208,imsfshook,,,10,77,100,2020-01-01 00:00:00,1628218354522783745,2023-02-22 02:21:21.209,1,"Way to go Brandon!
#WWIII #Russia #Ukraine #Biden #MilitaryIndustrialComplex #NATO 
https://t.co/VoMSB8J5sm","[{'text': 'WWIII', 'indices': [19, 25]}, {'text': 'Russia', 'indices': [26, 33]}, {'text': 'Ukraine', 'indices': [34, 42]}, {'text': 'Biden', 'indices': [43, 49]}, {'text': 'MilitaryIndustrialComplex', 'indices': [50, 76]}, {'text': 'NATO', 'indices': [77, 82]}]",en,,1,2022-04-01 00:00:00.000000
209,1209,tero_kaunisto,,,10,28,100,2020-01-01 00:00:00,1529887313664286720,2022-05-26 18:08:54.166,8,#Ukraina #Irpin https://t.co/YJ06gWFIw7,"[{'text': 'Ukraina', 'indices': [15, 23]}, {'text': 'Irpin', 'indices': [24, 30]}]",und,,0,2022-04-01 00:00:00.000000
210,1210,M86950933,,,10,22854,100,2020-01-01 00:00:00,1530097636983857152,2022-05-27 08:04:39.153,55,"The Ukrainian 54th Mechanized Brigade’s artillery striking the Russian army in Donetsk Oblast.
#Russia #Ukraine https://t.co/HhP8Q9adxc","[{'text': 'Russia', 'indices': [112, 119]}, {'text': 'Ukraine', 'indices': [120, 128]}]",en,,0,2022-04-01 00:00:00.000000
211,1211,Jand12A,,,10,4,100,2020-01-01 00:00:00,1645514555206909952,2023-04-10 19:50:16.800,9,"A Russian FPV drone VS Ukrainian jammer 
#Ukraine https://t.co/yUtKI47fbD","[{'text': 'Ukraine', 'indices': [41, 49]}]",en,,0,2022-04-01 00:00:00.000000
212,1212,CarolinaGuyYall,,,10,2205,100,2020-01-01 00:00:00,1562111073318223873,2022-08-23 16:14:37.156,0,"You just knew, as #biden claimed over and over, ""we learned about it from the press,"" that they were behind it.

Easy to spot their lies and schemes.

#ImpeachBiden VOTE OUT every #democrat. https://t.co/05xmxGhyz3","[{'text': 'biden', 'indices': [18, 24]}, {'text': 'ImpeachBiden', 'indices': [151, 164]}, {'text': 'democrat', 'indices': [180, 189]}]",en,,1,2022-04-01 00:00:00.000000
213,1213,Lyba27,,,10,54,100,2020-01-01 00:00:00,1529182982535258112,2022-05-24 19:30:08.539,42,"Якщо вже рашисти саджають за штурвали літаків 63-річних генералів у відставці, це говорить про одне...повна труба! Немає кому літати. Ми всіх отмінусували.
Далі буде перемога 🇺🇦
#RussianUkrainianWar 
#груZ200",[],uk,,0,2022-04-01 00:00:00.000000
214,1214,Krystiyan808,,,10,0,100,2020-01-01 00:00:00,1637824601487966208,2023-03-20 14:33:08.961,115,"Bakhmut is Ukraine! A city that stands up and will not surrender to the invaders

#UkraineRussianWar #NAFOfellas https://t.co/MdLdWhtrxn","[{'text': 'UkraineRussianWar', 'indices': [82, 100]}, {'text': 'NAFOfellas', 'indices': [101, 112]}]",en,,0,2022-04-01 00:00:00.000000
215,1215,ZewdiAbraha1,,,10,10665,100,2020-01-01 00:00:00,1635037479547068417,2023-03-12 21:58:07.308,2,"@SecBlinken equality &amp; justice must for all. When you think #Ukraine think #Tigray .That includes independent International investigation 4 the millions victims in Tigray.  
#Justice4Tigray #EritreaOutOfTigray @UNHumanRights @EUCouncil @UN @POTUS @Refugees @_AfricanUnion @UN_HRC… https://t.co/oPEPiBL6MB https://t.co/5eeuMz2Ag1","[{'text': 'Ukraine', 'indices': [64, 72]}, {'text': 'Tigray', 'indices': [79, 86]}, {'text': 'Justice4Tigray', 'indices': [178, 193]}, {'text': 'EritreaOutOfTigray', 'indices': [194, 213]}]",en,,0,2022-04-01 00:00:00.000000
216,1216,lynxrattle,,,10,190,100,2020-01-01 00:00:00,1530797482346795008,2022-05-29 06:25:35.290,3,"‼️More than 682 children were injured in #Ukraine as a result of a full-scale #ArmedAggression by the #RussianFederation.
❗1888 educational institutions were damaged by bombing and shelling by the #RussianArmedForces, 180 of which were completely destroyed.

#RussianWarCrimes https://t.co/RaqkExb7zB","[{'text': 'Ukraine', 'indices': [58, 66]}, {'text': 'ArmedAggression', 'indices': [95, 111]}, {'text': 'RussianFederation', 'indices': [119, 137]}]",en,,0,2022-04-01 00:00:00.000000
217,1217,thee_prof1,,,10,114,100,2020-01-01 00:00:00,1605790387293110274,2022-12-22 05:00:37.130,0,"Get online class exam help 
#Essay due
#Pay write
#javascript
#Online class take
#Philosophy 
#Chemistry
#Literature
#Calculus1,2
#Biology
#Python
#Nursing
#psychology
#Algebra
#Essayhelp
#Essay
#Essaypay
#Pay assignment
#USA #Canada #Australia #Newzealand #Germany #France #Spain","[{'text': 'Essay', 'indices': [28, 34]}, {'text': 'Pay', 'indices': [39, 43]}, {'text': 'javascript', 'indices': [50, 61]}, {'text': 'Online', 'indices': [62, 69]}, {'text': 'Philosophy', 'indices': [81, 92]}, {'text': 'Chemistry', 'indices': [94, 104]}, {'text': 'Literature', 'indices': [105, 116]}, {'text': 'Calculus1', 'indices': [117, 127]}, {'text': 'Biology', 'indices': [130, 138]}, {'text': 'Python', 'indices': [139, 146]}, {'text': 'Nursing', 'indices': [147, 155]}, {'text': 'psychology', 'indices': [156, 167]}, {'text': 'Algebra', 'indices': [168, 176]}, {'text': 'Essayhelp', 'indices': [177, 187]}, {'text': 'Essay', 'indices': [188, 194]}, {'text': 'Essaypay', 'indices': [195, 204]}, {'text': 'Pay', 'indices': [205, 209]}, {'text': 'USA', 'indices': [221, 225]}, {'text': 'Canada', 'indices': [226, 233]}, {'text': 'Australia', 'indices': [234, 244]}, {'text': 'Newzealand', 'indices': [245, 256]}, {'text': 'Germany', 'indices': [257, 265]}, {'text': 'France', 'indices': [266, 273]}, {'text': 'Spain', 'indices': [274, 280]}]",en,,0,2022-04-01 00:00:00.000000
218,1218,evka64931334,,,10,0,100,2020-01-01 00:00:00,1592537610454716416,2022-11-15 15:18:48.907,0,@igorlachenkov @g20org #RussiaIsATerroristState,"[{'text': 'RussiaIsATerroristState', 'indices': [23, 47]}]",und,,0,2022-04-01 00:00:00.000000
219,1219,VRudolfych,,,10,81,100,2020-01-01 00:00:00,1530607831107440645,2022-05-28 17:51:58.911,2082,This photo was taken in March. These three kids in #Mariupol were killed by #Russia soldiers and buried in the yard of a kindergarten https://t.co/uFbZRHDYRQ,"[{'text': 'Mariupol', 'indices': [71, 80]}, {'text': 'Russia', 'indices': [96, 103]}]",en,,0,2022-04-01 00:00:00.000000
220,1220,1129_ali,,,10,486,100,2020-01-01 00:00:00,1523152473019793408,2022-05-08 04:07:03.029,2,"Expert in GIS and Mapping 
Budget (30-250) USD
Name: ifamsiddeeq
Country: Sri Lanka
Client : https://t.co/sXZLldFggE
Project Link: https://t.co/ypFzclRak5
https://t.co/EwQetDAjfP #HATINC #Freelance #freelancer #business #programming","[{'text': 'HATINC', 'indices': [179, 186]}, {'text': 'Freelance', 'indices': [187, 197]}, {'text': 'freelancer', 'indices': [198, 209]}, {'text': 'business', 'indices': [210, 219]}, {'text': 'programming', 'indices': [220, 232]}]",en,,1,2022-04-01 00:00:00.000000
221,1221,adem_kavaz,,,10,171,100,2020-01-01 00:00:00,1579195996394987527,2022-10-09 19:44:00.240,0,"Interview with fan - Scotland - UK
https://t.co/F6ZDz5j4hb
#Eurovision #Glasgow #Liverpool #Eurovision2023 #Scotland #BBC #EBU #Ukraine #UnitedKingdom #BBCOne https://t.co/ZrkEtsbKtH","[{'text': 'Eurovision', 'indices': [59, 70]}, {'text': 'Glasgow', 'indices': [71, 79]}, {'text': 'Liverpool', 'indices': [80, 90]}, {'text': 'Eurovision2023', 'indices': [91, 106]}, {'text': 'Scotland', 'indices': [107, 116]}, {'text': 'BBC', 'indices': [117, 121]}, {'text': 'EBU', 'indices': [122, 126]}, {'text': 'Ukraine', 'indices': [127, 135]}, {'text': 'UnitedKingdom', 'indices': [136, 150]}, {'text': 'BBCOne', 'indices': [151, 158]}]",en,,0,2022-04-01 00:00:00.000000
222,1222,woohoo331,,,10,152,100,2020-01-01 00:00:00,1630564350942380033,2023-02-28 13:43:30.342,59,Share if you #StandWithUkraine️ @GrandpaSnarky #UkraineWillWin https://t.co/LP6zC1xCKp,"[{'text': 'StandWithUkraine️', 'indices': [13, 31]}, {'text': 'UkraineWillWin', 'indices': [47, 62]}]",en,,0,2022-04-01 00:00:00.000000
223,1223,rnelsan72,,,10,240,100,2020-01-01 00:00:00,1634239202496790575,2023-03-10 17:06:03.228,126,"Prime Minister @MarinSanna is visiting Ukraine and she has met with Ukrainian President @ZelenskyyUa

The visit, which has been arranged at the invitation of Ukraine, steps up Finland and Europe’s support for Ukraine.

#StandWithUkraine 🇫🇮🇺🇦

📸President Office Ukraine https://t.co/dADgEicDaM","[{'text': 'StandWithUkraine', 'indices': [219, 236]}]",en,,0,2022-04-01 00:00:00.000000
224,1224,alxnilssen,,,10,84,100,2020-01-01 00:00:00,1523298694971670529,2022-05-08 13:48:05.059,132,Meanwhile in Putin's #fascist #Russia https://t.co/XnXMRfhSks,"[{'text': 'fascist', 'indices': [37, 45]}, {'text': 'Russia', 'indices': [46, 53]}]",en,,0,2022-04-01 00:00:00.000000
225,1225,greenurlifenow,,,10,2357,100,2020-01-01 00:00:00,1611159766239412225,2023-01-06 00:36:36.829,0,"#Czechia 🇨🇿 is on the Power Play early in Period 2.

#Canada 🇨🇦 leads 1-0.

#WJC2023 #JuniorHockey","[{'text': 'Czechia', 'indices': [0, 8]}, {'text': 'Canada', 'indices': [53, 60]}, {'text': 'WJC2023', 'indices': [76, 84]}, {'text': 'JuniorHockey', 'indices': [85, 98]}]",en,,1,2022-04-01 00:00:00.000000
226,1226,Medf72,,,10,702,100,2020-01-01 00:00:00,1519010591763050497,2022-04-26 17:48:41.585,10,"Another large fire in # Russia at the Silk Road shopping center in #Moscow #Moskva.

#Ukraine #Russia 
@IntelCrab
@UAWeapons
#UkraineWar https://t.co/NFriKJXl9y","[{'text': 'Moscow', 'indices': [81, 88]}, {'text': 'Moskva', 'indices': [89, 96]}, {'text': 'Ukraine', 'indices': [99, 107]}, {'text': 'Russia', 'indices': [108, 115]}]",en,,0,2022-04-01 00:00:00.000000
227,1227,khalediskef,,,10,67959,100,2020-01-01 00:00:00,1520468651236802560,2022-04-30 18:22:30.053,1,"The #US Department of Defense begins loading M113 armoured personnel carriers to ship them to #Ukraine.
#UnitedStates #Russia #Russia_Ukraine #Uaa https://t.co/Y7PaBXx6m1","[{'text': 'US', 'indices': [4, 7]}, {'text': 'Ukraine', 'indices': [94, 102]}, {'text': 'UnitedStates', 'indices': [104, 117]}, {'text': 'Russia', 'indices': [118, 125]}, {'text': 'Russia_Ukraine', 'indices': [126, 141]}, {'text': 'Uaa', 'indices': [142, 146]}]",en,,7,2022-04-01 00:00:00.000000
228,1228,FuckPutinBot,,,10,121,100,2020-01-01 00:00:00,1519466182113435649,2022-04-27 23:59:02.789,0,"לך לזיין את עצמך, פוטין!
(Hebrew)

#StandWithUkraine #PutinWarCrimes #FuckPutin #IStandWithUkraine","[{'text': 'StandWithUkraine', 'indices': [35, 52]}, {'text': 'PutinWarCrimes', 'indices': [53, 68]}, {'text': 'FuckPutin', 'indices': [69, 79]}, {'text': 'IStandWithUkraine', 'indices': [80, 98]}]",iw,,0,2022-04-01 00:00:00.000000
229,1229,philippepoustis,,,10,11848,100,2020-01-01 00:00:00,1645691542944768000,2023-04-11 07:33:33.965,13,"#UkraineRussiaWar 412ème jour de l'invasion russe en #Ukraine 🇺🇦 
  
💙💛 #StandWithUkraine️ https://t.co/EYizsWR0hM","[{'text': 'UkraineRussiaWar', 'indices': [0, 17]}, {'text': 'Ukraine', 'indices': [53, 61]}, {'text': 'StandWithUkraine️', 'indices': [72, 90]}]",fr,,32,2022-04-01 00:00:00.000000
230,1230,MihulkaS,,,10,1731,100,2020-01-01 00:00:00,1515307558130573314,2022-04-16 12:34:09.568,2540,#Mariupol before Russia / after Russia https://t.co/ETn3VUfio6,"[{'text': 'Mariupol', 'indices': [15, 24]}]",en,,0,2022-04-01 00:00:00.000000
231,1231,ezybad,,,10,12,100,2020-01-01 00:00:00,1600754101826228224,2022-12-08 07:28:13.105,0,"Moment Russian troops surrender to Ukrainian soldiers in Izyum
#Canada #Germany #America #Ukraine #Bakhmut
https://t.co/vb3O2v3shH","[{'text': 'Canada', 'indices': [63, 70]}, {'text': 'Germany', 'indices': [71, 79]}, {'text': 'America', 'indices': [80, 88]}, {'text': 'Ukraine', 'indices': [89, 97]}, {'text': 'Bakhmut', 'indices': [98, 106]}]",en,,0,2022-04-01 00:00:00.000000
232,1232,KhaleejMag,,,10,111049,100,2020-01-01 00:00:00,1518948095568097280,2022-04-26 13:40:21.331,3,"President #Xijinping sent a congratulatory message ystd to the International Forum on the 50th Anniversary of the Discovery of #Artemisinin &amp;on Building a Global Community of Health for All in Beijing, saying #China hopes to make greater contributions to the health of humanity.","[{'text': 'Xijinping', 'indices': [10, 20]}, {'text': 'Artemisinin', 'indices': [127, 139]}, {'text': 'China', 'indices': [213, 219]}]",en,,8,2022-04-01 00:00:00.000000
233,1233,hem_pas,,,10,4,100,2020-01-01 00:00:00,1509979746150539266,2022-04-01 19:43:20.206,958,"New adventures of #Russian looters in #Ukraine

They were taking home gifts stolen from Ukrainian homes and stores - children's toys, frying pans, bicycles and fishing rods. https://t.co/BNao2uFXi7","[{'text': 'Russian', 'indices': [32, 40]}, {'text': 'Ukraine', 'indices': [52, 60]}]",en,,0,2022-04-01 00:00:00.000000
234,1234,jjaranaz94,,,10,175,100,2020-01-01 00:00:00,1640582616125505537,2023-03-28 05:12:30.892,15,"""Seguimos educando"":

https://t.co/8p2Jf8UE2k

#COVID19 #Covid_19 #COVIDー19 #Covid #EstadoDeAlarma #ToqueDeQueda #Russia #Ukraine #Vacunation #RussiaUkraineWar @TrasElValle_OBC #Vaccine #Vacuna #Shakira #Piqué #Twingo #Casio #Rolex #Clara #MCP #FelizMartes #Siria #COAC2023C1 https://t.co/xFgCJuaDuv","[{'text': 'COVID19', 'indices': [47, 55]}, {'text': 'Covid_19', 'indices': [56, 65]}, {'text': 'COVIDー19', 'indices': [66, 75]}, {'text': 'Covid', 'indices': [76, 82]}, {'text': 'EstadoDeAlarma', 'indices': [83, 98]}, {'text': 'ToqueDeQueda', 'indices': [99, 112]}, {'text': 'Russia', 'indices': [113, 120]}, {'text': 'Ukraine', 'indices': [121, 129]}, {'text': 'Vacunation', 'indices': [130, 141]}, {'text': 'RussiaUkraineWar', 'indices': [142, 159]}, {'text': 'Vaccine', 'indices': [177, 185]}, {'text': 'Vacuna', 'indices': [186, 193]}, {'text': 'Shakira', 'indices': [194, 202]}, {'text': 'Piqué', 'indices': [203, 209]}, {'text': 'Twingo', 'indices': [210, 217]}, {'text': 'Casio', 'indices': [218, 224]}, {'text': 'Rolex', 'indices': [225, 231]}, {'text': 'Clara', 'indices': [232, 238]}, {'text': 'MCP', 'indices': [239, 243]}, {'text': 'FelizMartes', 'indices': [244, 256]}, {'text': 'Siria', 'indices': [257, 263]}, {'text': 'COAC2023C1', 'indices': [264, 275]}]",pt,,0,2022-04-01 00:00:00.000000
235,1235,NeilBandtock,,,10,1772,100,2020-01-01 00:00:00,1519576300184289283,2022-04-28 07:16:36.983,7,"Despite #EU urging memembers to stand firm on gas payments to #Russia:
Germany’s Uniper said it will make payments in euros to an account in Russia. Italian rival Eni and Vienna-based OMW are also preparing to open accounts at Gazprombank.
https://t.co/f312VHOnkV","[{'text': 'EU', 'indices': [25, 28]}, {'text': 'Russia', 'indices': [79, 86]}]",en,,0,2022-04-01 00:00:00.000000
236,1236,i_norreennnn,,,10,1526,100,2020-01-01 00:00:00,1598525707897999367,2022-12-02 03:53:22.591,0,"Germany should have concentrated on football instead of disrespecting a country's law. 👀🙊
#Ger #FIFAWorldCup https://t.co/LR7kKFMHJc","[{'text': 'Ger', 'indices': [90, 94]}, {'text': 'FIFAWorldCup', 'indices': [95, 108]}]",en,,2,2022-04-01 00:00:00.000000
237,1237,RubrykaEng,,,10,8027,100,2020-01-01 00:00:00,1585012356085518336,2022-10-25 20:56:08.453,0,Reality https://t.co/H4LFCI96V2,[],en,,8,2022-04-01 00:00:00.000000
238,1238,ethelik,,,10,526,100,2020-01-01 00:00:00,1519784661349720065,2022-04-28 21:04:34.156,0,"I have said it many times and I'll continue to say it, @antonioguterres is the third best Sec-Gen in @UN history.

Thank you Antonio Guterres for all your leadership. #Ukraine #RussiaUkraineWar #UkraineUnderAttack","[{'text': 'Ukraine', 'indices': [167, 175]}, {'text': 'RussiaUkraineWar', 'indices': [176, 193]}, {'text': 'UkraineUnderAttack', 'indices': [194, 213]}]",en,,0,2022-04-01 00:00:00.000000
239,1239,Elaine31788838,,,10,29,100,2020-01-01 00:00:00,1516726113359343621,2022-04-20 10:30:59.490,189,"16y.o. Dmytro was about to enter medical college in Chernihiv when war began 
Signed up with Territorial Defense Forces as paramedic
On March 3, enemy rocket hit school where he was working. Only 4 people survived
Dmytro says he will continue working as paramedic 
#ArmUkraineNow https://t.co/8Wp2MshYqF",[],en,,0,2022-04-01 00:00:00.000000
240,1240,Ghost132607472,,,10,22,100,2020-01-01 00:00:00,1516157731199197186,2022-04-18 20:52:26.623,0,"180422. #Mariupol, unit 503 #Ukrainian marines base. #Donetsk #Donbas #Donbass https://t.co/7lrTOX2qK5","[{'text': 'Mariupol', 'indices': [8, 17]}, {'text': 'Ukrainian', 'indices': [28, 38]}, {'text': 'Donetsk', 'indices': [53, 61]}, {'text': 'Donbas', 'indices': [62, 69]}, {'text': 'Donbass', 'indices': [70, 78]}]",en,,2,2022-04-01 00:00:00.000000
241,1241,VincentBremen,,,10,34,100,2020-01-01 00:00:00,1510130343579373574,2022-04-02 05:41:45.431,299,Mutige Frauen. Keine Rambos. Die Nachrichten von sexualisierter Gewalt durch russ. Soldaten mehren sich. Insbesondere in #Mariupol. https://t.co/soTbTmRJrv,[],de,,0,2022-04-01 00:00:00.000000
242,1242,slnk_1881,,,10,85,100,2020-01-01 00:00:00,1525957810479153152,2022-05-15 21:54:27.600,414,"🇸🇪İsveç'in NATO üyeliğine hayır!

För ett säkrare #NATO,
För ett säkrare #Turkiet,
🇸🇪NEJ FÖR #SVERIGE!
🇫🇮i Nej för #Finland! https://t.co/FKG4s7b18p","[{'text': 'NATO', 'indices': [65, 70]}, {'text': 'Turkiet', 'indices': [88, 96]}, {'text': 'SVERIGE', 'indices': [108, 116]}, {'text': 'Finland', 'indices': [130, 138]}]",tr,,0,2022-04-01 00:00:00.000000
243,1243,BinnatRauf,,,10,475,100,2020-01-01 00:00:00,1620556371078033408,2023-01-31 22:55:22.003,1,"Glory To Ukraine 🇺🇦 
#Ukraine https://t.co/kmGnliWI4s","[{'text': 'Ukraine', 'indices': [21, 29]}]",en,,2,2022-04-01 00:00:00.000000
244,1244,hassan_xeb,,,10,2596,100,2020-01-01 00:00:00,1641067846531796992,2023-03-29 13:20:38.836,8,"یوکرائن کے لیے پاکستان کے نامزد سفیر میجر جنرل (ر) نادر خان کی وزیر خارجہ بلاول سے ملاقات۔۔۔ 
روس یوکرائن جنگ کے ماحول میں پاکستان کی یہ سفارتی محاذ پر اہم تعیناتی ہے ۔۔۔
#UkraineWar 
@BBhuttoZardari 
#PakUSrelations https://t.co/zsYX5VPgYz","[{'text': 'UkraineWar', 'indices': [171, 182]}, {'text': 'PakUSrelations', 'indices': [201, 216]}]",ur,,0,2022-04-01 00:00:00.000000
245,1245,dalehjoseph,,,10,37,100,2020-01-01 00:00:00,1636790636165881861,2023-03-17 18:04:32.418,855,"If you stand with humanity 
Stand against fascism
share, retweet, steal 
Tell the world we the people refuse to accept a fascist world!
#Anonymous https://t.co/6ycbS72jsg","[{'text': 'Anonymous', 'indices': [136, 146]}]",en,,0,2022-04-01 00:00:00.000000
246,1246,ilyashev,,,10,341,100,2020-01-01 00:00:00,1517664798737113090,2022-04-23 00:40:59.524,134,"1/ Ukrainian Theater of War, Day 55-57: The past 72 hrs. have seen the Kremlin declare “victory” in Mariupol, with Ukrainian resistance continuing in the Azovstal area. Russia keeps up pressure in the Severodonetsk Salient with only marginal gains. #UkraineRussiaWar #Ukraine https://t.co/H5HE87lgms",[],en,,0,2022-04-01 00:00:00.000000
247,1247,jlboul,,,10,2732,100,2020-01-01 00:00:00,1636414431721824256,2023-03-16 17:09:38.289,325,"Truly heartbreaking… Today we honour the memory of many Ukrainians, including children, brutally  killed by Russia in an airstrikes on Mariupol Drama Theatre in March 2022 #StopRussia #StandWithUkraine https://t.co/klqWN1oIfW","[{'text': 'StopRussia', 'indices': [172, 183]}, {'text': 'StandWithUkraine', 'indices': [184, 201]}]",en,,0,2022-04-01 00:00:00.000000
248,1248,Hkjhgc2,,,10,47,100,2020-01-01 00:00:00,1646325197744623616,2023-04-13 01:31:29.042,0,"Ukrainian Sniper Fires At Russian Soldiers Across Dnipro River
 #Canada #Germany #donetsk #Ukraine #Bakhmut
 https://t.co/odeeRtUdLG","[{'text': 'Canada', 'indices': [64, 71]}, {'text': 'Germany', 'indices': [72, 80]}, {'text': 'donetsk', 'indices': [81, 89]}, {'text': 'Ukraine', 'indices': [90, 98]}, {'text': 'Bakhmut', 'indices': [99, 107]}]",en,,0,2022-04-01 00:00:00.000000
249,1249,bachylla,,,10,1139,100,2020-01-01 00:00:00,1531109507283271689,2022-05-30 03:05:27.832,329,"russians set up an improvised morgue in one of the #Mariupol supermarkets. They bring there dead people whose bodies were washed away when the invaders tried to fix the water supplies. How can this all be happening for real? How come? #MLRSforUkraineNow
Photo: mayor's advisor https://t.co/V1f2TeVFtt","[{'text': 'Mariupol', 'indices': [70, 79]}]",en,,0,2022-04-01 00:00:00.000000
250,1250,anestezisthtn,,,10,307,100,2020-01-01 00:00:00,1576528588224233472,2022-10-02 11:04:40.574,3,https://t.co/WS1Tgm47Pr #sigara #dreamfacereveal #FestaAFazenda #fenerinmacivar #Putin,"[{'text': 'sigara', 'indices': [24, 31]}, {'text': 'dreamfacereveal', 'indices': [32, 48]}, {'text': 'FestaAFazenda', 'indices': [49, 63]}, {'text': 'fenerinmacivar', 'indices': [64, 79]}, {'text': 'Putin', 'indices': [80, 86]}]",und,,8,2022-04-01 00:00:00.000000
251,1251,Mawunya_,,,10,27081,100,2020-01-01 00:00:00,1623977511758462977,2023-02-10 09:29:45.503,1,@KyivIndependent https://t.co/uLqyhTep6G #StandWithUkraine,"[{'text': 'StandWithUkraine', 'indices': [41, 58]}]",und,,0,2022-04-01 00:00:00.000000
252,1252,ChimieMal,,,10,243,100,2020-01-01 00:00:00,1642570733292253184,2023-04-02 16:52:34.962,0,Cafe explosion in St Petersburg kills military blogger. #stopthewar #standwithukraine  https://t.co/ap0EULa9QK,"[{'text': 'stopthewar', 'indices': [56, 67]}, {'text': 'standwithukraine', 'indices': [68, 85]}]",de,,0,2022-04-01 00:00:00.000000
253,1253,Elpoliticonews,,,10,218231,100,2020-01-01 00:00:00,1590826385781972993,2022-11-10 21:59:01.152,0,"Entérate por qué Putin no participará en la cumbre G20 dónde se hablará principalmente de la guerra en Ucrania👀, ingresando al siguiente link ⬇️:
https://t.co/gqBLWZfSGu.

#Ucrania #Putin #Cumbre. https://t.co/j2GFeQJbIK","[{'text': 'Ucrania', 'indices': [172, 180]}, {'text': 'Putin', 'indices': [181, 187]}, {'text': 'Cumbre', 'indices': [188, 195]}]",es,,0,2022-04-01 00:00:00.000000
254,1254,SewerynLech1,,,10,20,100,2020-01-01 00:00:00,1514725015475814407,2022-04-14 21:59:20.576,20,"Gen. Hodges: Polacy pokazują wytrwałość w pomocy Ukraińcom, jakiej się nie spodziewałem! CAŁOŚĆ: https://t.co/MYOJa8buu7 #IPPTV #PomocUkrainie #SolidarnizUkrainą #PolandFirstToHelp #StandWithUkraine #SupportUkraine #PrayForUkrainie #wojnawUkrainie #wojna @cepa https://t.co/fOFQhW2BF7",[],pl,,0,2022-04-01 00:00:00.000000
255,1255,Dnestrova1,,,10,68,100,2020-01-01 00:00:00,1646788047739174912,2023-04-14 08:10:41.080,3,"🇺🇦Украинские войска сдались в плен 🇷🇺российским войскам. апрель 2023.
#СВО #Россия #Донбасс #война #Украина #Бахмут #Артёмовск #StandWithRussia #UkraineWar #RussiaUkraineWar #UkraineRussiaWar #Donbass #Russia #Ukraine #SMO #Bakhmut https://t.co/kD1g1PRByr","[{'text': 'СВО', 'indices': [70, 74]}, {'text': 'Россия', 'indices': [75, 82]}, {'text': 'Донбасс', 'indices': [83, 91]}, {'text': 'война', 'indices': [92, 98]}, {'text': 'Украина', 'indices': [99, 107]}, {'text': 'Бахмут', 'indices': [108, 115]}, {'text': 'Артёмовск', 'indices': [116, 126]}, {'text': 'StandWithRussia', 'indices': [127, 143]}, {'text': 'UkraineWar', 'indices': [144, 155]}, {'text': 'RussiaUkraineWar', 'indices': [156, 173]}, {'text': 'UkraineRussiaWar', 'indices': [174, 191]}, {'text': 'Donbass', 'indices': [192, 200]}, {'text': 'Russia', 'indices': [201, 208]}, {'text': 'Ukraine', 'indices': [209, 217]}, {'text': 'SMO', 'indices': [218, 222]}, {'text': 'Bakhmut', 'indices': [223, 231]}]",ru,,3,2022-04-01 00:00:00.000000
256,1256,domarebraten,,,10,1197,100,2020-01-01 00:00:00,1639948618089070595,2023-03-26 11:13:13.981,20,"#KennethGregg volunteer in #Ukraine
Swedish/Finnish citizen 
032523
Time:15.37

Update.  The situation is basically unchanged on the front lines.  South of the city, the contact line has been completed.  We now have a straight line of contact, 
/1a https://t.co/bXWAPfVrvi","[{'text': 'KennethGregg', 'indices': [0, 13]}, {'text': 'Ukraine', 'indices': [27, 35]}]",en,,0,2022-04-01 00:00:00.000000
257,1257,CentroAstalli,,,10,6567,100,2020-01-01 00:00:00,1651812470304940033,2023-04-28 04:55:56.769,3,"Si parte per Budapest, Francesco va in #Ungheria, 135 chilometri di confine con l’#Ucraina, un viaggio «al centro dell’Europa» per fermare la guerra. La diplomazia vaticana e il timore di «conseguenze inimmaginabili» #PopeinHungar https://t.co/0vFmF0TVcx","[{'text': 'Ungheria', 'indices': [39, 48]}, {'text': 'Ucraina', 'indices': [82, 90]}, {'text': 'PopeinHungar', 'indices': [217, 230]}]",it,,0,2022-04-01 00:00:00.000000
258,1258,GrafZahn1,,,10,402,100,2020-01-01 00:00:00,1576663090829082625,2022-10-02 19:59:08.494,0,"@FWarweg @stein_til @derspiegel #Russland und wir haben ganz andere Probleme.
Anstatt Russland zu helfen und die Lebensgrundlage aller Menschen zu schützen, werden sinnlos #Kriege geführt.

#USA+#EU werden kurz vorm #Ende sagen: „Aber #Russland hat doch angefangen.“

Trotzdem:
Alle tot!

https://t.co/AFcfJnHgo5","[{'text': 'Russland', 'indices': [32, 41]}, {'text': 'Kriege', 'indices': [172, 179]}, {'text': 'USA', 'indices': [190, 194]}, {'text': 'EU', 'indices': [195, 198]}, {'text': 'Ende', 'indices': [216, 221]}, {'text': 'Russland', 'indices': [235, 244]}]",de,,0,2022-04-01 00:00:00.000000
259,1259,Pippodevito,,,10,24,100,2020-01-01 00:00:00,1511052772275277827,2022-04-04 18:47:09.570,55,The discovery of bodies scattered on the streets of the Ukrainian town of #Bucha after the withdrawal of #Russian forces sparks global outrage.  #UkraineWar https://t.co/uaHx698kya,"[{'text': 'Bucha', 'indices': [88, 94]}, {'text': 'Russian', 'indices': [119, 127]}]",en,,0,2022-04-01 00:00:00.000000
260,1260,FlockaDoumbia,,,10,823,100,2020-01-01 00:00:00,1630504131663220736,2023-02-28 09:44:12.947,80,"⚡️🇵🇱 En #Pologne, un retraité de 70 ans a été jugé pour avoir publié sur les réseaux sociaux que le Président #VladimirPutin se bat pour la paix.
Il est accusé d'incitation publique à l'agression militaire en raison de son soutien à Vladimir #Poutine.
#Russia 🇷🇺 #Donbass
#Polonia https://t.co/AnH8tnYCQf","[{'text': 'Pologne', 'indices': [8, 16]}, {'text': 'VladimirPutin', 'indices': [110, 124]}, {'text': 'Poutine', 'indices': [242, 250]}, {'text': 'Russia', 'indices': [252, 259]}, {'text': 'Donbass', 'indices': [263, 271]}, {'text': 'Polonia', 'indices': [272, 280]}]",fr,,0,2022-04-01 00:00:00.000000
261,1261,JussiLepola,,,10,383,100,2020-01-01 00:00:00,1600215163918987266,2022-12-06 19:46:40.295,0,Business as usual in that idiot Turd's #policestate #Canada https://t.co/HdzZWX4cxe,"[{'text': 'policestate', 'indices': [39, 51]}, {'text': 'Canada', 'indices': [52, 59]}]",en,,0,2022-04-01 00:00:00.000000
262,1262,MissouriGuerri2,,,10,310,100,2020-01-01 00:00:00,1646656473685008388,2023-04-13 23:27:51.381,1161,"The leaked #UkraineRussiaWar documents show Russia has a 7:1 kill ratio. 

Meanwhile, the media has been lying and saying Russia has more casualties than Ukraine and that Russia is “losing”.

All so that they can launder more of your tax payer money to a globalist cross dresser. https://t.co/eqZpKMLnQm","[{'text': 'UkraineRussiaWar', 'indices': [11, 28]}]",en,,0,2022-04-01 00:00:00.000000
263,1263,FLBHAVSmith,,,10,250,100,2020-01-01 00:00:00,1609192421182799872,2022-12-31 14:19:05.216,0,"Just posted a photo @ Kyiv, Ukraine https://t.co/SC9HY7eEyJ",[],en,,0,2022-04-01 00:00:00.000000
264,1264,Messi_habesha21,,,10,1302,100,2020-01-01 00:00:00,1512635372102205440,2022-04-09 03:35:50.772,161,"This #WorldHealthDay2022: Doctors and nurses at the biggest hospital in #Tigray are having to beg for food to feed themselves. 
The world must act to #AllowAccessToTigray 
 
@StateDept @UKUN_NewYork @eucopresident @RepJuanVargas @SenatorMenendez https://t.co/gXUtmOb37j","[{'text': 'WorldHealthDay2022', 'indices': [23, 42]}, {'text': 'Tigray', 'indices': [90, 97]}]",en,,0,2022-04-01 00:00:00.000000
265,1265,AZoLifeSciences,,,10,171,100,2020-01-01 00:00:00,1521776755257790465,2022-05-04 09:00:26.355,0,"Researchers from @wakeforestmed propose a new fusion method in gene editing to reduce DNA sizes
#DNA #gene #CRISPR #news #lifesciences 
https://t.co/54Vpfl6lbE https://t.co/eUS4QqkMkD","[{'text': 'DNA', 'indices': [96, 100]}, {'text': 'gene', 'indices': [101, 106]}, {'text': 'CRISPR', 'indices': [107, 114]}, {'text': 'news', 'indices': [115, 120]}, {'text': 'lifesciences', 'indices': [121, 134]}]",en,,0,2022-04-01 00:00:00.000000
266,1266,macarito007,,,10,86,100,2020-01-01 00:00:00,1589766102405775360,2022-11-07 23:45:49.896,0,"¿Hay por aquí algún pro-rruso? es que quería dejarle una noticia.

https://t.co/K6A4u0s9IG

#Ukrania #Ucrania #Putin  #Zelensky","[{'text': 'Ukrania', 'indices': [92, 100]}, {'text': 'Ucrania', 'indices': [101, 109]}, {'text': 'Putin', 'indices': [110, 116]}, {'text': 'Zelensky', 'indices': [118, 127]}]",es,,0,2022-04-01 00:00:00.000000
267,1267,Mark45dominic,,,10,3208,100,2020-01-01 00:00:00,1521992282589003777,2022-05-04 23:16:52.075,0,"happy Independence Day very happy birthday #israel 🇮🇱 
https://t.co/zqjfkbPIxX","[{'text': 'israel', 'indices': [43, 50]}]",en,,1,2022-04-01 00:00:00.000000
268,1268,kdlwalter,,,10,4,100,2020-01-01 00:00:00,1531585654760656896,2022-05-31 10:37:30.237,12,"31 May 1223: Genghis Khan's #Mongol armies led by #Subutai defeat several Rus' principalities, including #Kiev in the Battle of #Kalka River in present-day #Ukraine. #history #OTD #ad https://t.co/HQY3IxZYyQ https://t.co/xnlajpPleJ","[{'text': 'Mongol', 'indices': [48, 55]}, {'text': 'Subutai', 'indices': [70, 78]}, {'text': 'Kiev', 'indices': [125, 130]}]",en,,0,2022-04-01 00:00:00.000000
269,1269,HBrogh,,,10,45,100,2020-01-01 00:00:00,1527478282538598400,2022-05-20 02:36:16.388,0,#kirby #art #illustration #cartoon #Nintendo #Hogobrogh #robot https://t.co/aoxlgyvNGj,"[{'text': 'kirby', 'indices': [0, 6]}, {'text': 'art', 'indices': [7, 11]}, {'text': 'illustration', 'indices': [12, 25]}, {'text': 'cartoon', 'indices': [26, 34]}, {'text': 'Nintendo', 'indices': [35, 44]}, {'text': 'Hogobrogh', 'indices': [45, 55]}, {'text': 'robot', 'indices': [56, 62]}]",und,,1,2022-04-01 00:00:00.000000
270,1270,poiPOIk7,,,10,1895,100,2020-01-01 00:00:00,1564952201306558466,2022-08-31 12:24:14.854,0,"Επιχειρησιακό βίντεο από την σύλληψη Ουκρανών τρομοκρατών, οι οποίοι προετοίμαζαν τρομοκρατικές επιθέσεις στο Energodar και στον πυρηνικό σταθμό της Zaporozhye. Στην κατοχή τους βρέθηκε ένα ολοκληρωμένο οπλοστάσιο.
#Ουκρανία #Ukraine️ #UkraineRussiaWar https://t.co/VXWYeLZTaI","[{'text': 'Ουκρανία', 'indices': [215, 224]}, {'text': 'Ukraine️', 'indices': [225, 234]}, {'text': 'UkraineRussiaWar', 'indices': [235, 252]}]",el,,2,2022-04-01 00:00:00.000000
271,1271,Spreeguerkchen,,,10,642,100,2020-01-01 00:00:00,1520680369800069120,2022-05-01 08:23:47.692,1,"Jeden Tag daran erinnern 
das Ex-Parteichef Jörg Meuthen sagt: 
""Das Herz der #AfD schlägt sehr weit rechts und steht nicht auf dem Boden der freiheitlich demokratischen Grundordnung!"" 

#FCKNZS
 
Good morning, inspiring 
Captain @Fan_Tas_Tisch","[{'text': 'AfD', 'indices': [78, 82]}, {'text': 'FCKNZS', 'indices': [187, 194]}]",de,,32,2022-04-01 00:00:00.000000
272,1272,Frankbl80036716,,,10,25,100,2020-01-01 00:00:00,1519845580335423491,2022-04-29 01:06:38.374,1,"#Mariupol - Rückkehr zur Normalität... 
#Donbass #Russland #Ukraine️ https://t.co/FvfXl3y5vr","[{'text': 'Mariupol', 'indices': [19, 28]}, {'text': 'Donbass', 'indices': [59, 67]}, {'text': 'Russland', 'indices': [68, 77]}, {'text': 'Ukraine️', 'indices': [78, 87]}]",de,,0,2022-04-01 00:00:00.000000
273,1273,MedKorean,,,10,1,100,2020-01-01 00:00:00,1619412709975670784,2023-01-28 19:10:51.948,0,"@_Choose_Freedom I don't regret it Koreans, Chinese and Russians justify their crimes by saying the same complaints

It's a contradiction Make lies and fabrications unapologetically👿
#CCP
#China 
#XiJinping 
#Putin","[{'text': 'CCP', 'indices': [183, 187]}, {'text': 'China', 'indices': [188, 194]}, {'text': 'XiJinping', 'indices': [196, 206]}, {'text': 'Putin', 'indices': [208, 214]}]",en,,0,2022-04-01 00:00:00.000000
274,1274,wojteklabuc,,,10,15,100,2020-01-01 00:00:00,1509998145433964551,2022-04-01 20:56:26.937,35,"#Russia: 
fire train arrived in #Belgorod to extinguish burning fuel tanks https://t.co/oayxede5Bj","[{'text': 'Russia', 'indices': [17, 24]}, {'text': 'Belgorod', 'indices': [49, 58]}]",en,,0,2022-04-01 00:00:00.000000
275,1275,OttavioOttavia1,,,10,11,100,2020-01-01 00:00:00,1509893680429215755,2022-04-01 14:01:20.539,0,"https://t.co/5QwUjiWCcG 
#Putin #Russia #gas #energia","[{'text': 'Putin', 'indices': [25, 31]}, {'text': 'Russia', 'indices': [32, 39]}, {'text': 'gas', 'indices': [40, 44]}, {'text': 'energia', 'indices': [45, 53]}]",und,,0,2022-04-01 00:00:00.000000
276,1276,HuggieBuggy,,,10,1099,100,2020-01-01 00:00:00,1562195397527085057,2022-08-23 21:49:41.614,0,"What the #Dugin #assassination tells us about Russia
             Is that 
Putin’s regime is weaker than it looks
#RussianUkrainianWar
 https://t.co/03wwHtJTpK via @spectator","[{'text': 'Dugin', 'indices': [9, 15]}, {'text': 'assassination', 'indices': [16, 30]}, {'text': 'RussianUkrainianWar', 'indices': [114, 134]}]",en,,0,2022-04-01 00:00:00.000000
277,1277,Kar_veganwales,,,10,61,100,2020-01-01 00:00:00,1512161401636282368,2022-04-07 20:12:27.407,89,UPDATE from @KateNWF about the ongoing trouble with crossing the border for the #Borodyanka shelter dogs. We need things to change for these desperate animals being brought across…we’ll update later but we may need you guys to help us to help them! 💙💛 #Ukraineanimals #Ukraine https://t.co/8PHXAhcNgg,"[{'text': 'Borodyanka', 'indices': [101, 112]}]",en,,0,2022-04-01 00:00:00.000000
278,1278,IdeaDogsMedia,,,10,3665,100,2020-01-01 00:00:00,1572784889086320642,2022-09-22 03:08:33.145,0,"This sums up Wednesday:

Surprised #Trumps aren't flying out of the U.S. as fast as Russians are flying out of Moscow tonight.

#Russia 
#UkraineRussiaWar 
#PutinMeltdown 
#TrumpMeltdown 
#TrumpIsGoingToJail","[{'text': 'Trumps', 'indices': [35, 42]}, {'text': 'Russia', 'indices': [128, 135]}, {'text': 'UkraineRussiaWar', 'indices': [137, 154]}, {'text': 'PutinMeltdown', 'indices': [156, 170]}, {'text': 'TrumpMeltdown', 'indices': [172, 186]}, {'text': 'TrumpIsGoingToJail', 'indices': [188, 207]}]",en,,1,2022-04-01 00:00:00.000000
279,1279,Kasturi_Musafir,,,10,42,100,2020-01-01 00:00:00,1630522071016148992,2023-02-28 10:55:30.022,13,"[ Bakhmut ] Ukraine MUST withdraw frm Bakhmut NOW; Wagner forces merely 1km and 400m away frm roads!

#War #Military #UkraineWar #Russia #Ukraine   #UkraineRussia   #RussianInvasion #UkraineRussianWar  #RussianUkrainianWar

https://t.co/tV8aQO2zlM","[{'text': 'War', 'indices': [102, 106]}, {'text': 'Military', 'indices': [107, 116]}, {'text': 'UkraineWar', 'indices': [117, 128]}, {'text': 'Russia', 'indices': [129, 136]}, {'text': 'Ukraine', 'indices': [137, 145]}, {'text': 'UkraineRussia', 'indices': [148, 162]}, {'text': 'RussianInvasion', 'indices': [165, 181]}, {'text': 'UkraineRussianWar', 'indices': [182, 200]}, {'text': 'RussianUkrainianWar', 'indices': [202, 222]}]",en,,0,2022-04-01 00:00:00.000000
280,1280,rgolubev,,,10,34,100,2020-01-01 00:00:00,1512663231273136130,2022-04-09 05:26:32.916,936,"President of the #European Commission Ursula von der Leyen said that if #Hungary agreed to pay for #Russian energy resources in rubles, it would be considered a violation of sanctions. https://t.co/lSzx7AkEIk","[{'text': 'European', 'indices': [31, 40]}, {'text': 'Hungary', 'indices': [86, 94]}, {'text': 'Russian', 'indices': [113, 121]}]",en,,0,2022-04-01 00:00:00.000000
281,1281,Maximus_215,,,10,4,100,2020-01-01 00:00:00,1510735601846345736,2022-04-03 21:46:50.247,0,"@steffilemke
Während Deutschland die russischen Öl und Gas kauft, legen die von russischen Soldaten ermordeten ukrainischen Frauen und Kinder in Massengräben.Hört aufden Genozid an die Ukrainer*innen zu unterstützen! #BuchaMassacre #RussianWar #RussianWarCrimes #GenocideInUkraine https://t.co/gVfxlXLrpx","[{'text': 'BuchaMassacre', 'indices': [217, 231]}, {'text': 'RussianWar', 'indices': [232, 243]}, {'text': 'RussianWarCrimes', 'indices': [244, 261]}, {'text': 'GenocideInUkraine', 'indices': [262, 280]}]",de,,0,2022-04-01 00:00:00.000000
282,1282,Miki_no_Ayumu,,,10,104,100,2020-01-01 00:00:00,1509831724746035202,2022-04-01 09:55:09.153,19,"3 มีนาคม, วันที่ 8
#บันทึกจากยูเครน #อัลบีนา #ยูเครน #Ukraine https://t.co/KDT9E4ppy2","[{'text': 'บันทึกจากยูเครน', 'indices': [37, 53]}, {'text': 'อัลบีนา', 'indices': [54, 62]}, {'text': 'ยูเครน', 'indices': [63, 70]}, {'text': 'Ukraine', 'indices': [71, 79]}]",th,,0,2022-04-01 00:00:00.000000
283,1283,StarColombo,,,10,3081,100,2020-01-01 00:00:00,1523922872833478657,2022-05-10 07:08:20.658,127,"Happy #EuropeDay from NATO! 

EU🇪🇺 and #NATO were founded on common values and stand for the world that we believe in, a free, democratic and secure world, where each country and individual can freely decide their future.
 
#StrongerTogether https://t.co/qPGF5m9QYm","[{'text': 'EuropeDay', 'indices': [22, 32]}, {'text': 'NATO', 'indices': [55, 60]}]",en,,0,2022-04-01 00:00:00.000000
284,1284,gahamalian,,,10,2463,100,2020-01-01 00:00:00,1592960894283427842,2022-11-16 19:20:47.636,1,"TAG TEAM: #Russian air force storm troopers STORM the sky ATTACKING the #Ukrainian army, supporting the offensive of the Lugansk People's Republic forces below in the Spornoye area, Donetsk region, West #Russia.

@IntelRepublic https://t.co/p29VJtl7AR","[{'text': 'Russian', 'indices': [10, 18]}, {'text': 'Ukrainian', 'indices': [72, 82]}, {'text': 'Russia', 'indices': [203, 210]}]",en,,4,2022-04-01 00:00:00.000000
285,1285,kanadianbest,,,10,930,100,2020-01-01 00:00:00,1610154071159181313,2023-01-03 06:00:20.437,0,C$170.05 - #FreeShipping | ooking for a good deal? You&amp;#39;ve come to the right place.  Samsung 512GB Evo+ Class 10 MicroSD Memory #Samsung       ?? https://t.co/NiKB08ydKE       #sharious  #canadianbestseller  #canada #usa #product #512GB  #Active  #Card . https://t.co/sNW6iurIit,"[{'text': 'FreeShipping', 'indices': [11, 24]}, {'text': 'Samsung', 'indices': [135, 143]}, {'text': 'sharious', 'indices': [183, 192]}, {'text': 'canadianbestseller', 'indices': [194, 213]}, {'text': 'canada', 'indices': [215, 222]}, {'text': 'usa', 'indices': [223, 227]}, {'text': 'product', 'indices': [228, 236]}, {'text': '512GB', 'indices': [237, 243]}, {'text': 'Active', 'indices': [245, 252]}, {'text': 'Card', 'indices': [254, 259]}]",en,,0,2022-04-01 00:00:00.000000
286,1286,vmarshallb,,,10,1523,100,2020-01-01 00:00:00,1636594448397217794,2023-03-17 05:04:57.609,6,"The International Criminal Court plans to open two cases against #Russia related to the invasion of #Ukraine.

The alleged war crimes are hitting civilian targets and abducting Ukrainian children.

#RussiaIsATerroristState 
https://t.co/OYttpjScES","[{'text': 'Russia', 'indices': [65, 72]}, {'text': 'Ukraine', 'indices': [100, 108]}, {'text': 'RussiaIsATerroristState', 'indices': [198, 222]}]",en,,0,2022-04-01 00:00:00.000000
287,1287,gnostiker,,,10,74,100,2020-01-01 00:00:00,1618029860299108352,2023-01-24 23:35:54.893,0,"Man bekommt den Eindruck, als ginge es um ein Fußballspiel. 

#FreeTheLeopards #NichtUnserKrieg #Ukraine️ #UkraineKrieg #Leopard2","[{'text': 'FreeTheLeopards', 'indices': [62, 78]}, {'text': 'NichtUnserKrieg', 'indices': [79, 95]}, {'text': 'Ukraine️', 'indices': [96, 105]}, {'text': 'UkraineKrieg', 'indices': [106, 119]}, {'text': 'Leopard2', 'indices': [120, 129]}]",de,,0,2022-04-01 00:00:00.000000
288,1288,DererKarlito,,,10,27,100,2020-01-01 00:00:00,1524460917941059592,2022-05-11 18:46:20.608,141,"JD Vance would be really upset if you retweeted this to show the large Ukrainian-American community in #Ohio what he really thinks about #Ukraine
https://t.co/dnSlcTVEOa","[{'text': 'Ohio', 'indices': [124, 129]}]",en,,0,2022-04-01 00:00:00.000000
289,1289,Morgfanclub,,,10,14821,100,2020-01-01 00:00:00,1510118508365025286,2022-04-02 04:54:43.696,31,"Since The Russian Invasion, The Cost to Produce Solar &amp; Wind Energy Has Gone Up $0.00  #norussianoil #StandWithUkraine 🇺🇦🇺🇦🇺🇦🇺🇦   OIL FUELS WARS https://t.co/uF9EiWvDis","[{'text': 'norussianoil', 'indices': [112, 125]}, {'text': 'StandWithUkraine', 'indices': [126, 143]}]",en,,0,2022-04-01 00:00:00.000000
290,1290,AzizullahHijran,,,10,13,100,2020-01-01 00:00:00,1532073268962021377,2022-06-01 18:55:06.522,3,"""Die aktuell größte Sorge bleibt für sehr viele der Krieg in der #Ukraine. Uns alle schmerzen die unschuldigen Opfer des verbrecherischen russischen Angriffskriegs"", sagt @OlafScholz. #Generaldebatte (1/2) https://t.co/sth9hetrE5","[{'text': 'Ukraine', 'indices': [76, 84]}]",de,,0,2022-04-01 00:00:00.000000
291,1291,yusr18413764,,,10,34,100,2020-01-01 00:00:00,1616297390671118336,2023-01-20 04:51:41.946,1,"Ukraine War - Ukrainian Helmet Cam Close Range RPG Ambush On Russian Ural Truck
#Kyiv #Germany #Ukraine #usa #Bachmut https://t.co/GabN0JzEue","[{'text': 'Kyiv', 'indices': [80, 85]}, {'text': 'Germany', 'indices': [86, 94]}, {'text': 'Ukraine', 'indices': [95, 103]}, {'text': 'usa', 'indices': [104, 108]}, {'text': 'Bachmut', 'indices': [109, 117]}]",en,,0,2022-04-01 00:00:00.000000
292,1292,PLinSouthKorea,,,10,2214,100,2020-01-01 00:00:00,1509712152008921088,2022-04-01 02:00:00.791,0,"2월 24일부터 3월 31일까지 총 239만 3천명의 난민들이 🇺🇦우크라이나에서 🇵🇱폴란드로 들어왔다. 

#StandWithUkraine #PolandFirstToHelp #우크라 #우크라이나와함께 https://t.co/6BRZ0EMsnX","[{'text': 'StandWithUkraine', 'indices': [60, 77]}, {'text': 'PolandFirstToHelp', 'indices': [78, 96]}, {'text': '우크라', 'indices': [97, 101]}, {'text': '우크라이나와함께', 'indices': [102, 111]}]",ko,,0,2022-04-01 00:00:00.000000
293,1293,AliBritton3,,,10,535,100,2020-01-01 00:00:00,1512168407143260166,2022-04-07 20:40:17.650,31,Bucha. In a yard where three people were killed a German Shepherd refuses to leave the body of another dog #Ukraine https://t.co/AvbJvSkxH9,"[{'text': 'Ukraine', 'indices': [122, 130]}]",en,,0,2022-04-01 00:00:00.000000
294,1294,InnaBurban,,,10,85,100,2020-01-01 00:00:00,1583077776680423425,2022-10-20 12:48:48.780,0,#StandWithUkraine https://t.co/PUzIvpdQx6,"[{'text': 'StandWithUkraine', 'indices': [0, 17]}]",und,,1,2022-04-01 00:00:00.000000
295,1295,EllyB53292373,,,10,1111,100,2020-01-01 00:00:00,1523997004329799680,2022-05-10 12:02:54.984,2,True..#Ukraine https://t.co/dFAWB89Lmn,"[{'text': 'Ukraine', 'indices': [6, 14]}]",en,,0,2022-04-01 00:00:00.000000
296,1296,FuckPutinBot,,,10,283,100,2020-01-01 00:00:00,1641157283508830214,2023-03-29 19:16:02.273,0,"நீங்களே, புட்டின்!
(Tamil)

#StandWithUkraine #IStandWithUkraine #RussianWarCrimes #RussiaWarCrimes","[{'text': 'StandWithUkraine', 'indices': [28, 45]}, {'text': 'IStandWithUkraine', 'indices': [46, 64]}, {'text': 'RussianWarCrimes', 'indices': [65, 82]}, {'text': 'RussiaWarCrimes', 'indices': [83, 99]}]",ta,,0,2022-04-01 00:00:00.000000
297,1297,joybells49,,,10,3190,100,2020-01-01 00:00:00,1581124079033409538,2022-10-15 03:25:30.963,2,"'Love, Pray &amp; Support Missionaries: We go Where you Can't' [https://t.co/rySP1dxAtt] We can't do this without you. Thank you. [Cash App $joybells49] [GoFundMe: https://t.co/vJN7Lczohn] #donations #giving #nonprofit #PayPal #support #love #StandWithUkraine #TrustInGod #love https://t.co/NKuFtJ55Ux","[{'text': 'donations', 'indices': [189, 199]}, {'text': 'giving', 'indices': [200, 207]}, {'text': 'nonprofit', 'indices': [208, 218]}, {'text': 'PayPal', 'indices': [219, 226]}, {'text': 'support', 'indices': [227, 235]}, {'text': 'love', 'indices': [236, 241]}, {'text': 'StandWithUkraine', 'indices': [242, 259]}, {'text': 'TrustInGod', 'indices': [260, 271]}, {'text': 'love', 'indices': [272, 277]}]",en,,4,2022-04-01 00:00:00.000000
298,1298,ElveAngelic,,,10,487,100,2020-01-01 00:00:00,1524753667626356736,2022-05-12 14:09:37.572,3,"Finlandia verso la Nato, Mosca: “L’ingresso della Finlandia nella Nato rappresenta una minaccia per la Russia #Finlandia #NATO #Mosca #Russia #SmartNews https://t.co/IxMxCbMdJT","[{'text': 'Finlandia', 'indices': [129, 139]}]",it,,0,2022-04-01 00:00:00.000000
299,1299,DMugoWangui,,,10,179,100,2020-01-01 00:00:00,1565609114704699392,2022-09-02 07:54:35.213,0,"Do you actually believe that ""MAGA""Extremism is a threat to democracy as President Joe Biden said? Let's engage. Mr President Philadelphia #bidenspeech #BidenDeliversAGAIN #Biden","[{'text': 'bidenspeech', 'indices': [139, 151]}, {'text': 'BidenDeliversAGAIN', 'indices': [152, 171]}, {'text': 'Biden', 'indices': [172, 178]}]",en,,3,2022-04-01 00:00:00.000000
300,1300,blueninety90,,,10,2240,100,2020-01-01 00:00:00,1520595386238480384,2022-05-01 02:46:06.032,1,"#Russian soldiers fighting for #Ukraine against the Russian Army driving through the Poltava region.
It's a unit formed out of Russian soldiers who have switched sides. https://t.co/9LU01cPbwi","[{'text': 'Russian', 'indices': [15, 23]}, {'text': 'Ukraine', 'indices': [46, 54]}]",en,,0,2022-04-01 00:00:00.000000
301,1301,questapenelope,,,10,213,100,2020-01-01 00:00:00,1520858463013904384,2022-05-01 20:11:28.423,2357,"All those missiles #Russia launched on #Ukraine cost USD $7,5 BILLION . All that could have been spent on hospitals and schools for ordinary Russians. But no, that nation thinks killing Ukrainians is a much better idea","[{'text': 'Russia', 'indices': [39, 46]}, {'text': 'Ukraine', 'indices': [59, 67]}]",en,,0,2022-04-01 00:00:00.000000
302,1302,rosycoast,,,10,650,100,2020-01-01 00:00:00,1637645631564185602,2023-03-20 02:41:59.206,168,"Photos of the destruction in #Mariupol.  Frames of photojournalists Reuters and Anadolu Agency. March 16, 2023. https://t.co/l6tZbizrwy","[{'text': 'Mariupol', 'indices': [29, 38]}]",en,,0,2022-04-01 00:00:00.000000
303,1303,tgportalblog,,,10,169,100,2020-01-01 00:00:00,1523763661797355521,2022-05-09 20:35:41.789,2,T.G.    Οι ΗΠΑ πάλι ζήτησαν τεθωρακισμένα οχήματα από την . https://t.co/R6LC3Ghio7 #Μαριούπολη  #νεα_ταξη #GreatReset #Πουτιν #ρωσια   #Αζοφ #Crimea #Russia #Kharkov #νεοναζι #Ουκρανια #USAarmy #NSA #ΝΑΤΟ #ΟΗΕ #USA   #Ζελενσκι  #Ukraine #AzovBattalion #Azovstal   #Donbass https://t.co/43dBVzPH53,"[{'text': 'Μαριούπολη', 'indices': [102, 113]}, {'text': 'νεα_ταξη', 'indices': [115, 124]}, {'text': 'GreatReset', 'indices': [125, 136]}]",el,,0,2022-04-01 00:00:00.000000
304,1304,oneleggoalie,,,10,762,100,2020-01-01 00:00:00,1568040465743884291,2022-09-09 00:55:54.473,1,"#Pride2022 #truth
#Steam
#nonbinary #laicism #FreeSpeech
#IndieGameDev #indiegames #indiegame #gamedev #100DaysOfCode
#science #womenintech #Tech4All #AI
#TFSM #LGBT #LGBTQ #EU #Ukraine #NATO #peace
#cybersecurity #steampunk #Flutter
#javascript #Python #Sherlock
#GideonTheNinth https://t.co/SVnMEAslEE","[{'text': 'Pride2022', 'indices': [0, 10]}, {'text': 'truth', 'indices': [11, 17]}, {'text': 'Steam', 'indices': [18, 24]}, {'text': 'nonbinary', 'indices': [25, 35]}, {'text': 'laicism', 'indices': [36, 44]}, {'text': 'FreeSpeech', 'indices': [45, 56]}, {'text': 'IndieGameDev', 'indices': [57, 70]}, {'text': 'indiegames', 'indices': [71, 82]}, {'text': 'indiegame', 'indices': [83, 93]}, {'text': 'gamedev', 'indices': [94, 102]}, {'text': '100DaysOfCode', 'indices': [103, 117]}, {'text': 'science', 'indices': [118, 126]}, {'text': 'womenintech', 'indices': [127, 139]}, {'text': 'Tech4All', 'indices': [140, 149]}, {'text': 'AI', 'indices': [150, 153]}, {'text': 'TFSM', 'indices': [154, 159]}, {'text': 'LGBT', 'indices': [160, 165]}, {'text': 'LGBTQ', 'indices': [166, 172]}, {'text': 'EU', 'indices': [173, 176]}, {'text': 'Ukraine', 'indices': [177, 185]}, {'text': 'NATO', 'indices': [186, 191]}, {'text': 'peace', 'indices': [192, 198]}, {'text': 'cybersecurity', 'indices': [199, 213]}, {'text': 'steampunk', 'indices': [214, 224]}, {'text': 'Flutter', 'indices': [225, 233]}, {'text': 'javascript', 'indices': [234, 245]}, {'text': 'Python', 'indices': [246, 253]}, {'text': 'Sherlock', 'indices': [254, 263]}, {'text': 'GideonTheNinth', 'indices': [264, 279]}]",und,,2,2022-04-01 00:00:00.000000
305,1305,KarlHeinrichMm,,,10,41,100,2020-01-01 00:00:00,1514297639172550661,2022-04-13 17:41:06.125,38,"Schwere Waffen &amp; Fahrzeuge die der #Ukraine geliefert werden:

🇸🇰: S300, Mig29
🇬🇧: 120 gepanzerte Fahrzeuge
🇨🇿: Kampfpanzer T72, Schützenpanzer
🇺🇸: Humvees, Haubitzen, Mi17
+laut US-Angaben weitere osteurop. Länder, die Panzer liefern
🇩🇪: -

Aber laut #Scholz geht 🇩🇪 voran...","[{'text': 'Ukraine', 'indices': [56, 64]}]",de,,0,2022-04-01 00:00:00.000000
306,1306,Alina_Amertat,,,10,0,100,2020-01-01 00:00:00,1575467230250385408,2022-09-29 12:47:13.114,0,"@kayvanabbassi کسی به دختران تجاوز می کند و دیگران به کل کشور تجاوز می کنند.
 صلح در اوکراین
#UkraineRussiaWar","[{'text': 'UkraineRussiaWar', 'indices': [93, 110]}]",fa,,0,2022-04-01 00:00:00.000000
307,1307,FernandaCamino,,,10,1125,100,2020-01-01 00:00:00,1520814688975478784,2022-05-01 17:17:31.879,0,"#China, one of the largest producers of #Glyphosate-based #herbicides, has approved the #transgenic #soy from #Argentina.

They give three flying $hit$ for everyone's health and lives...","[{'text': 'China', 'indices': [0, 6]}, {'text': 'Glyphosate', 'indices': [40, 51]}, {'text': 'herbicides', 'indices': [58, 69]}, {'text': 'transgenic', 'indices': [88, 99]}, {'text': 'soy', 'indices': [100, 104]}, {'text': 'Argentina', 'indices': [110, 120]}]",en,,0,2022-04-01 00:00:00.000000
308,1308,xmorph777_,,,10,30,100,2020-01-01 00:00:00,1517184829195964417,2022-04-21 16:53:45.868,0,"War in Ukraine did not start 57 days ago but in 2014... the world has not lived in peace for more than 2000 years! Stop talking hyprocritically about peace by increasing weapons!!!
#WARINUKRAINE https://t.co/iFlGanxW2i","[{'text': 'WARINUKRAINE', 'indices': [181, 194]}]",en,,0,2022-04-01 00:00:00.000000
309,1309,Just_a_Fella_EU,,,10,974,100,2020-01-01 00:00:00,1641187977194872832,2023-03-29 21:18:00.218,2,"‼️‼️🤣🤣🤣👀👀👀
The call for volunteers for the upcoming Russia-Africa summit in St. Petersburg 

#Russia #Africa 
I can't stop laughing... it is jut so bad https://t.co/YBWitvs9aG","[{'text': 'Russia', 'indices': [93, 100]}, {'text': 'Africa', 'indices': [101, 108]}]",en,,0,2022-04-01 00:00:00.000000
310,1310,TonyAvendano1,,,10,10,100,2020-01-01 00:00:00,1511428149539713024,2022-04-05 19:38:46.484,19241,"This is Iryna before #Russia came to our land. She was learning makeup and had plans. She lived in Bucha. 
This is her hand with manicure on the graphic photo that many of you have seen. Russians killed Iryna and hundreds of humans like her. Just because they were Ukrainians. https://t.co/CSMJsdK9NZ","[{'text': 'Russia', 'indices': [39, 46]}]",en,,0,2022-04-01 00:00:00.000000
311,1311,MartinGenier,,,10,8310,100,2020-01-01 00:00:00,1571845264150773763,2022-09-19 12:54:49.103,1,🇺🇸 dans la même émission où @POTUS a mis en garde #Poutine contre l’utilisation de l’arme nucléaire ☢️ le président 🇺🇸 a affirmé qu’en cas d’attaque de Taïwan 🇹🇼 son pays interviendrait pour défendre l’île. Et encore une fois la Maison-Blanche tempère. Ça devient lassant https://t.co/Nz8hg7M8Dn,"[{'text': 'Poutine', 'indices': [50, 58]}]",fr,,12,2022-04-01 00:00:00.000000
312,1312,reuterstein77,,,10,409,100,2020-01-01 00:00:00,1581540170545123328,2022-10-16 06:58:54.910,2,"Frau @ABaerbock Frau @MAStrackZi 

Da freut sich der Opa und der #Volkssturm, oder?

Dt. #Gepard in der #Ukraine mit Wehrmachtkreuz https://t.co/9ldXgZkFy7","[{'text': 'Volkssturm', 'indices': [65, 76]}, {'text': 'Gepard', 'indices': [89, 96]}, {'text': 'Ukraine', 'indices': [104, 112]}]",de,,7,2022-04-01 00:00:00.000000
313,1313,BOBCALIF,,,10,16340,100,2020-01-01 00:00:00,1524884406552231936,2022-05-12 22:49:08.161,3,"Proud democrats are those who tell the world they're a Democrat, not the silent type who hides in the bushes and moans and groans. Which are YOU? If you're a proud democrat follow us and Retweet - don't retreat! #Democrat #Twitter #Politics #USA https://t.co/sh35zEbG5A","[{'text': 'Democrat', 'indices': [212, 221]}, {'text': 'Twitter', 'indices': [222, 230]}, {'text': 'Politics', 'indices': [231, 240]}, {'text': 'USA', 'indices': [241, 245]}]",en,,2,2022-04-01 00:00:00.000000
314,1314,melliss_aa,,,10,61,100,2020-01-01 00:00:00,1649537920745762823,2023-04-21 22:17:41.895,0,"@tetyanka_bor в шлунку самі потім поєднаються , не роби чужу роботу!",[],uk,,0,2022-04-01 00:00:00.000000
315,1315,VeronicaDC13,,,10,163,100,2020-01-01 00:00:00,1524027253218287619,2022-05-10 14:03:06.881,288,"🐾♥️ Paw our hearts! A close-up of Patron, the bestest most pawdorable bomb sniffing pupper! The floof of joy fell asleep during the press conference. We will look at this pawhto every time we are pupset, this will bounce us right bark! #SlavaPatron #SlavaUkraini #BestestPup https://t.co/kPYEo1fwGX",[],en,,0,2022-04-01 00:00:00.000000
316,1316,whosmvrc,,,10,164,100,2020-01-01 00:00:00,1514674572100091906,2022-04-14 18:38:53.938,11515,"🇺🇳 FLASH - Le directeur général de l'#OMS estime que le monde ""ne prête pas le même degré d'attention aux vies des Noirs et à celles des Blancs"", et regrette que les guerres au Yémen, en Afghanistan ou en Syrie ne suscitent pas la même attention que celle en #Ukraine. (AFP)","[{'text': 'OMS', 'indices': [53, 57]}]",fr,,0,2022-04-01 00:00:00.000000
317,1317,marcellotrenord,,,10,86,100,2020-01-01 00:00:00,1511553922472812549,2022-04-06 03:58:33.088,2,Twitter annuncia misure per limitare l'impatto della propaganda russa  #ucraina #russia #mosca #kiev #RussianUkrainianWar #UkraineRussianWar #guerraucraina https://t.co/5lP1M0hrAr https://t.co/ixlfNrH87N,"[{'text': 'ucraina', 'indices': [92, 100]}, {'text': 'russia', 'indices': [101, 108]}, {'text': 'mosca', 'indices': [109, 115]}, {'text': 'kiev', 'indices': [116, 121]}]",it,,0,2022-04-01 00:00:00.000000
318,1318,MaimunkaNews,,,10,3217,100,2020-01-01 00:00:00,1603678350819545093,2022-12-16 09:08:08.395,1,‼️🇷🇺🚀💥🇺🇦Map with the arrivals in #Ukraine today so far. https://t.co/zpa8OGYEJL,"[{'text': 'Ukraine', 'indices': [33, 41]}]",en,,8,2022-04-01 00:00:00.000000
319,1319,marceloomontes,,,10,1775,100,2020-01-01 00:00:00,1579433007672594432,2022-10-10 11:25:48.132,2,Arderán en su propia salsa?#Kiev  y toda #Ucrania. Ojo x ojo. @jose_igna_ . @CarlosMaslaton. @avella_marcos. @drangelico. @Afroditaa1984. @asturestepa. @PavlichenkoCCCP. @TomELawrence1 https://t.co/Pxov7cPQPt,"[{'text': 'Kiev', 'indices': [27, 32]}, {'text': 'Ucrania', 'indices': [41, 49]}]",es,,8,2022-04-01 00:00:00.000000
320,1320,lansehai1,,,10,2354,100,2020-01-01 00:00:00,1569861965266440192,2022-09-14 01:33:53.801,0,"9月8日，中央军委晋升上将军衔仪式在北京八一大楼举行。中央军委主席习近平向晋升上将军衔的北部战区司令员王强颁发命令状。#中国
#习近平 
#XiJinping 
#China https://t.co/y8zLxJrG4q","[{'text': '中国', 'indices': [59, 62]}, {'text': '习近平', 'indices': [63, 67]}, {'text': 'XiJinping', 'indices': [69, 79]}, {'text': 'China', 'indices': [81, 87]}]",zh,,0,2022-04-01 00:00:00.000000
321,1321,IndysMenagerie,,,10,496,100,2020-01-01 00:00:00,1624087095332548608,2023-02-10 16:45:12.263,0,@I_Mediocrates @Timaboutt0wn Russians facing the consequences of their actions #RussiaIsANaziState https://t.co/YC7bQKy2EX,"[{'text': 'RussiaIsANaziState', 'indices': [79, 98]}]",en,,1,2022-04-01 00:00:00.000000
322,1322,zozimus,,,10,1144,100,2020-01-01 00:00:00,1568672312504770560,2022-09-10 18:46:38.480,0,"It’s awful to think of the many Russian families who have lost cherished loved ones in this completely pointless war, knowing they will be remembered as butchers of the innocent, never heroes. For Putin’s ego. #PutinWarCrimes","[{'text': 'PutinWarCrimes', 'indices': [210, 225]}]",en,,2,2022-04-01 00:00:00.000000
323,1323,667b153884b24dd,,,10,5519,100,2020-01-01 00:00:00,1527207995448655873,2022-05-19 08:42:14.924,1,"सोचने और समझने वाली बात!
#IndiaAgainstHate
#NavSankalpForEconomy
#Modi_Liar_Hai #OhMyGOD
#NavSankalpForEconomy
#HanumanChalisa
#Ukraine️war #Ukraine️
#ArrestBajrangdalLeaders #ThursdayThought https://t.co/GD3Zj12ThO","[{'text': 'IndiaAgainstHate', 'indices': [46, 63]}, {'text': 'NavSankalpForEconomy', 'indices': [64, 85]}, {'text': 'Modi_Liar_Hai', 'indices': [86, 100]}, {'text': 'OhMyGOD', 'indices': [101, 109]}, {'text': 'NavSankalpForEconomy', 'indices': [110, 131]}]",hi,,0,2022-04-01 00:00:00.000000
324,1324,flopostic,,,10,206,100,2020-01-01 00:00:00,1521755082836086784,2022-05-04 07:34:19.247,38,"Pourquoi le #PS coince ce matin pour la #Nupes de #LFI?
-Pas à cause du #programme (#DesobeissanceEuropeenne, #OTAN, #Ukraine, #Retraitea60 ans, #CulturedeGouvernement);
-le #PS veut 100 #circonscriptions pour sa trahison;
-le #PS ne veut pas céder trop vite pour les militants... https://t.co/B71dlJA5JA","[{'text': 'PS', 'indices': [27, 30]}, {'text': 'Nupes', 'indices': [55, 61]}, {'text': 'LFI', 'indices': [65, 69]}, {'text': 'programme', 'indices': [87, 97]}, {'text': 'DesobeissanceEuropeenne', 'indices': [99, 123]}, {'text': 'OTAN', 'indices': [125, 130]}]",fr,,0,2022-04-01 00:00:00.000000
325,1325,J1776Gandolfini,,,10,45,100,2020-01-01 00:00:00,1530664588370485253,2022-05-28 21:37:30.897,0,"Was macht es für einen Sinn andauernd mit dem Kriegsverbrecher Putin zu telefonieren, wenn man die Antworten schon kennt? Holt #Scholz sich da seine wöchentlichen Instruktionen ab? Dieser Kanzler ist nur schwer zu ertragen.😏 #ScholzIstEineSchande #Ukraine 🇺🇦",[],de,,0,2022-04-01 00:00:00.000000
326,1326,Iesu33,,,10,12505,100,2020-01-01 00:00:00,1640663309249654784,2023-03-28 10:33:09.632,165,"#Ukraine: The SBU ""Alpha"" SSO destroyed a Russian 9A331M TLAR of the Tor-M2 air defence system using a Ukrainian-made RAM II loitering munition. https://t.co/Q9SyVtEu02","[{'text': 'Ukraine', 'indices': [0, 8]}]",en,,0,2022-04-01 00:00:00.000000
327,1327,ahammed_musfik,,,10,48,100,2020-01-01 00:00:00,1594801272930041856,2022-11-21 21:13:48.098,0,"Looking at the last 2 matches today, it seems that it is actually a Fifa World Cup match. Before this there was a preparation match between senior vs junior in the area 
#QatarWorldCup2022","[{'text': 'QatarWorldCup2022', 'indices': [170, 188]}]",en,,0,2022-04-01 00:00:00.000000
328,1328,rien4djri,,,10,1266,100,2020-01-01 00:00:00,1574313135967961088,2022-09-26 08:21:15.595,0,"#Ukraine/#Russia 
@TpyxaNews 15m 
Bakhmut 
https://t.co/SMdoMNFqBf https://t.co/sfDKfvhgdJ","[{'text': 'Ukraine', 'indices': [0, 8]}, {'text': 'Russia', 'indices': [9, 16]}]",in,,0,2022-04-01 00:00:00.000000
329,1329,timoteuslaine,,,10,9,100,2020-01-01 00:00:00,1639924081154719744,2023-03-26 09:35:43.920,35,"” New Headphones ”, 2023, oil on board, 40 x 50 cm. #ukraina #ukraine #slava_ukraini #stopputin #warcriminal #war #guilt #blood #art #icc #contemporaryart #oilpainting #kajstenvall #headphones https://t.co/n5XnwzZAl8","[{'text': 'ukraina', 'indices': [52, 60]}, {'text': 'ukraine', 'indices': [61, 69]}, {'text': 'slava_ukraini', 'indices': [70, 84]}, {'text': 'stopputin', 'indices': [85, 95]}, {'text': 'warcriminal', 'indices': [96, 108]}, {'text': 'war', 'indices': [109, 113]}, {'text': 'guilt', 'indices': [114, 120]}, {'text': 'blood', 'indices': [121, 127]}, {'text': 'art', 'indices': [128, 132]}, {'text': 'icc', 'indices': [133, 137]}, {'text': 'contemporaryart', 'indices': [138, 154]}, {'text': 'oilpainting', 'indices': [155, 167]}, {'text': 'kajstenvall', 'indices': [168, 180]}, {'text': 'headphones', 'indices': [181, 192]}]",en,,0,2022-04-01 00:00:00.000000
330,1330,Bobby39502774,,,10,365,100,2020-01-01 00:00:00,1532059777051676674,2022-06-01 18:01:29.800,88,"#Mustread this by @IKoshiw: 50,000 may have been murdered by Russian forces in #Mariupol or have died as a consequence of the siege.
What I wrote yesterday: when we talk about Russia's actions in #Ukraine, it's the mass crime we should talk about first.
https://t.co/7JDAritzJP","[{'text': 'Mustread', 'indices': [13, 22]}, {'text': 'Mariupol', 'indices': [92, 101]}]",en,,0,2022-04-01 00:00:00.000000
331,1331,IsaVH14,,,10,70,100,2020-01-01 00:00:00,1530060321427267585,2022-05-27 05:36:22.431,139,"""La #sécheresse est la lame de fond qu'on ne regarde pas trop pour l'instant. Mais ce problème atteint tous les continents et crée des réactions en chaine sur l'énergie ou l'#alimentation et donc, derrière, sur la #géopolitique.""
@HazizaEmma

#Ukraine #Russie #Climat #cdanslair https://t.co/2afvC4HLCv","[{'text': 'sécheresse', 'indices': [19, 30]}]",fr,,0,2022-04-01 00:00:00.000000
332,1332,kanadianbest,,,10,586,100,2020-01-01 00:00:00,1526148718524776448,2022-05-16 10:33:03.625,0,C$48.99 - #FreeShipping | Start buying in best prices Shurhold 6&amp;#34; Brush f/Dual Action Polisher #Shurhold       👉 https://t.co/xfhZg8K3WD       #sharious  #canadianbestseller  #canada #usa #product #3206  #703485120774  #Action  #Brush  #fDual  #Polisher . https://t.co/uHiZ5mj1JF,"[{'text': 'FreeShipping', 'indices': [10, 23]}, {'text': 'Shurhold', 'indices': [103, 112]}, {'text': 'sharious', 'indices': [151, 160]}, {'text': 'canadianbestseller', 'indices': [162, 181]}, {'text': 'canada', 'indices': [183, 190]}, {'text': 'usa', 'indices': [191, 195]}, {'text': 'product', 'indices': [196, 204]}, {'text': 'Action', 'indices': [227, 234]}, {'text': 'Brush', 'indices': [236, 242]}, {'text': 'fDual', 'indices': [244, 250]}, {'text': 'Polisher', 'indices': [252, 261]}]",en,,0,2022-04-01 00:00:00.000000
333,1333,elitaultras,,,10,11,100,2020-01-01 00:00:00,1617839361336442882,2023-01-24 10:58:56.401,0,"#PENTAGON wyśle wozy bojowe #Bradley w ciągu najbliższych tygodni na #Ukraine! 
🇺🇦🇺🇲 https://t.co/vEQhspipOH","[{'text': 'PENTAGON', 'indices': [0, 9]}, {'text': 'Bradley', 'indices': [28, 36]}, {'text': 'Ukraine', 'indices': [69, 77]}]",pl,,0,2022-04-01 00:00:00.000000
334,1334,RSTIVENSON,,,10,1614,100,2020-01-01 00:00:00,1510831433732038660,2022-04-04 04:07:38.349,387,#Video: genocidio en #Bucha .- El mundo https://t.co/6C6K75sGUo,"[{'text': 'Video', 'indices': [15, 21]}, {'text': 'Bucha', 'indices': [36, 42]}]",es,,0,2022-04-01 00:00:00.000000
335,1335,D4nciingQueen,,,10,3255,100,2020-01-01 00:00:00,1622218969074597889,2023-02-05 13:01:56.255,0,@MissionArtist Russia never fulfills its agreements. Never trust Russia. #RussiaIsATerroristState,"[{'text': 'RussiaIsATerroristState', 'indices': [73, 97]}]",en,,0,2022-04-01 00:00:00.000000
336,1336,sunshinecityz,,,10,181,100,2020-01-01 00:00:00,1636678843384885248,2023-03-17 10:40:18.942,113,"BREAKING: China leader Xi will visit Moscow from Monday to Wednesday in an apparent show of support for Putin , both countries just announced today, Friday. This is coming just hours after the US said it opposes any ceasefire now between #Russia and #Ukraine as advocated by China… https://t.co/45K6C2iJzV https://t.co/1QQTPZ61gx","[{'text': 'Russia', 'indices': [238, 245]}, {'text': 'Ukraine', 'indices': [250, 258]}]",en,,0,2022-04-01 00:00:00.000000
337,1337,The1Close2God3,,,10,3,100,2020-01-01 00:00:00,1601418968899592192,2022-12-10 03:30:09.768,0,OK they give me verification thank God oh but what about the ones left behind when we’re all gone whatever we left behind something from the beginning as closest 2009 #CIA #FBI #NATO #Cop #Cops #Police #Marines #Army #AirForce #Navy #News #BreakingNews #Worldnews #Freemason,"[{'text': 'CIA', 'indices': [167, 171]}, {'text': 'FBI', 'indices': [172, 176]}, {'text': 'NATO', 'indices': [177, 182]}, {'text': 'Cop', 'indices': [183, 187]}, {'text': 'Cops', 'indices': [188, 193]}, {'text': 'Police', 'indices': [194, 201]}, {'text': 'Marines', 'indices': [202, 210]}, {'text': 'Army', 'indices': [211, 216]}, {'text': 'AirForce', 'indices': [217, 226]}, {'text': 'Navy', 'indices': [227, 232]}, {'text': 'News', 'indices': [233, 238]}, {'text': 'BreakingNews', 'indices': [239, 252]}, {'text': 'Worldnews', 'indices': [253, 263]}, {'text': 'Freemason', 'indices': [264, 274]}]",en,,0,2022-04-01 00:00:00.000000
338,1338,pandaekhaste,,,10,1427,100,2020-01-01 00:00:00,1613799756605661184,2023-01-13 07:26:59.581,0,"شبکه یک یه استاد فلسفه(به قول بابام) نشون میده
میگه اسلام کاملا دین فمینیستیه، مخصوصا مذهب شیعه....
تریاک گرون شده اینا قطعاً یه چیز دیگه میزنن😐😐🖕

#IRGCterrorists
#IranRevolution","[{'text': 'IRGCterrorists', 'indices': [148, 163]}, {'text': 'IranRevolution', 'indices': [164, 179]}]",fa,,0,2022-04-01 00:00:00.000000
339,1339,akryuu,,,10,3047,100,2020-01-01 00:00:00,1631979981495566342,2023-03-04 11:28:42.967,38,"""In total, rescuers unblocked 10 dead people, including one child, from under the rubble of the house,"" the report of the Emergency Department of the #Zaporizhzhia Region states. 😔🕯️
#RussiaisATerroristState https://t.co/DtWapjuMpu","[{'text': 'Zaporizhzhia', 'indices': [150, 163]}, {'text': 'RussiaisATerroristState', 'indices': [183, 207]}]",en,,0,2022-04-01 00:00:00.000000
340,1340,jab_artur,,,10,5213,100,2020-01-01 00:00:00,1627928032039124993,2023-02-21 07:07:42.935,1,"Media głoszą to za co im płacą🤦🏻
Sytuacja na #UA jest przesądzona, trzeba jeszcze wepchnąć trochę sprzętu za który zapłacą kolonie #USA i szybko wyjść z „twarzą”.  #NATO okazało się słabsze niż szacowano a kolejne konflikty wiszą w powietrzu.
#Chiny i #Taiwan , #Iran i #Israel … https://t.co/s4RwUYWMNV","[{'text': 'UA', 'indices': [45, 48]}, {'text': 'USA', 'indices': [131, 135]}, {'text': 'NATO', 'indices': [164, 169]}, {'text': 'Chiny', 'indices': [243, 249]}, {'text': 'Taiwan', 'indices': [252, 259]}, {'text': 'Iran', 'indices': [262, 267]}, {'text': 'Israel', 'indices': [270, 277]}]",pl,,4,2022-04-01 00:00:00.000000
341,1341,i91679049,,,10,417,100,2020-01-01 00:00:00,1637855683755343877,2023-03-20 16:36:39.551,726,"#Ukraine needs ammunition and has asked for it.

I proposed #EU member states jointly procure 1 million shells for Ukraine.

Glad that EU foreign and defence ministers approved the initiative today. 

This helps to ramp up European defence industry and boost our security","[{'text': 'Ukraine', 'indices': [0, 8]}, {'text': 'EU', 'indices': [60, 63]}]",en,,0,2022-04-01 00:00:00.000000
342,1342,Watt_Ever_008,,,10,215,100,2020-01-01 00:00:00,1630396755241242624,2023-02-28 02:37:32.413,91,Putins Personal Propaganda Puppet #RussiaIsCollapsing #RussianAsset #TuckerCarlsonIsARussianAsset #NeverVoteConservative #GOPTraitors https://t.co/liWhmalYft,"[{'text': 'RussiaIsCollapsing', 'indices': [34, 53]}, {'text': 'RussianAsset', 'indices': [54, 67]}, {'text': 'TuckerCarlsonIsARussianAsset', 'indices': [68, 97]}, {'text': 'NeverVoteConservative', 'indices': [98, 120]}, {'text': 'GOPTraitors', 'indices': [121, 133]}]",it,,0,2022-04-01 00:00:00.000000
343,1343,BhumiharBhaiya,,,10,481,100,2020-01-01 00:00:00,1515325656657059841,2022-04-16 13:46:04.593,935,"While #India shuts down on #GoodFriday; in #USA, govt, banks, most schools are open; working day for most. We are all working today. (One exception: stock market is closed).
Irony: Indian consulates in US is closed on  Good Friday. But US federal and NY state offices were open.","[{'text': 'India', 'indices': [19, 25]}, {'text': 'GoodFriday', 'indices': [40, 51]}, {'text': 'USA', 'indices': [56, 60]}]",en,,0,2022-04-01 00:00:00.000000
344,1344,fmdnepr,,,10,477,100,2020-01-01 00:00:00,1615666819762642948,2023-01-18 11:06:02.126,0,"Летіли у відрядження до «гарячої» точки: нові подробиці авіакатастрофи з керівництвом МВС у Броварах 
https://t.co/FpeEe1s4T5

#Ukraine #Dnipro","[{'text': 'Ukraine', 'indices': [127, 135]}, {'text': 'Dnipro', 'indices': [136, 143]}]",uk,,0,2022-04-01 00:00:00.000000
345,1345,Zero10_2,,,10,37,100,2020-01-01 00:00:00,1531879274508173313,2022-06-01 06:04:14.640,7453,#絵リッサ https://t.co/hzSMxQSCAw,"[{'text': '絵リッサ', 'indices': [12, 17]}]",und,,0,2022-04-01 00:00:00.000000
346,1346,josepax,,,10,371,100,2020-01-01 00:00:00,1638207889893388290,2023-03-21 15:56:12.038,19,"Ramzan Kadyrov designó una recompensa de 5 millones de rublos por la liquidación de un soldado ucraniano que quemó páginas del Corán.
Y prometió 10 millones de rublos por capturarlo con vida.

En Ucrania hay mercenarios de religión islámica que luchan a favor de #Zelensky 
#Rusia https://t.co/jZn3ab6x73","[{'text': 'Zelensky', 'indices': [263, 272]}, {'text': 'Rusia', 'indices': [274, 280]}]",es,,0,2022-04-01 00:00:00.000000
347,1347,50lilli,,,10,443,100,2020-01-01 00:00:00,1511835415338262536,2022-04-06 22:37:06.217,4,"Botschafter @MelnykAndrij erweist sich wieder einmal als hervorragender Vertreter seines Landes. Spricht Klartext, hat Argumente und tritt für sein Land ein. Genau so jemanden braucht die #Ukraine jetzt.

#Maischberger",[],de,,0,2022-04-01 00:00:00.000000
348,1348,BM19817,,,10,1,100,2020-01-01 00:00:00,1516344726546534401,2022-04-19 09:15:29.788,5,"Not a cent 🪙for the #war against #Ukraine! We appeal to international companies operating in 🇧🇾 in the conditions of the war against 🇺🇦 and the occupation of #Belarus by 🇷🇺#Russia 

Open 📩: https://t.co/FknebBTf6p

@Adobe @amazon @Apple @Cisco @CocaCola @EpsonAmerica @Heineken https://t.co/BDxZBqOBD7","[{'text': 'war', 'indices': [37, 41]}, {'text': 'Ukraine', 'indices': [50, 58]}]",en,,0,2022-04-01 00:00:00.000000
349,1349,beachlove734,,,10,391,100,2020-01-01 00:00:00,1522550351962025984,2022-05-06 12:14:26.182,5,@ACTBrigitte #Biden definitely knows who is in power while he is #POTUS https://t.co/F6gc7fUAVR,"[{'text': 'Biden', 'indices': [34, 40]}, {'text': 'POTUS', 'indices': [86, 92]}]",en,,0,2022-04-01 00:00:00.000000
350,1350,_chachani,,,10,120,100,2020-01-01 00:00:00,1632283226138976258,2023-03-05 07:33:42.124,1298,The Battle of #Bakhmut  has now raged since August 2022. The massive human and material resources expended by Russians on this objective may soon necessitate a Ukrainian withdrawal. 1/25 🧵 https://t.co/KgvuDf0ecf,"[{'text': 'Bakhmut', 'indices': [14, 22]}]",en,,0,2022-04-01 00:00:00.000000
351,1351,IN_searchOFlife,,,10,139,100,2020-01-01 00:00:00,1511056650756669447,2022-04-04 19:02:34.272,0,"#Stoprussia #StopputinNOW 
@tide - sponsor of russian's war!!!
#Boycottrussia #bloodytrade  #Boykottbarilla #barilla #barillaupportsrussia  #barillasupportterrorism
@TideNFL https://t.co/yJP0PR68Gl","[{'text': 'Stoprussia', 'indices': [0, 11]}, {'text': 'StopputinNOW', 'indices': [12, 25]}, {'text': 'Boycottrussia', 'indices': [63, 77]}, {'text': 'bloodytrade', 'indices': [78, 90]}, {'text': 'Boykottbarilla', 'indices': [92, 107]}, {'text': 'barilla', 'indices': [108, 116]}, {'text': 'barillaupportsrussia', 'indices': [117, 138]}, {'text': 'barillasupportterrorism', 'indices': [140, 164]}]",en,,1,2022-04-01 00:00:00.000000
352,1352,startuprad_io,,,10,7783,100,2020-01-01 00:00:00,1530870234365759489,2022-05-29 11:14:40.723,0,Now playing on our radio station https://t.co/1fbstysDCN @voiceoffintech - Singularity Group - Investing in exponential progress and innovation #startup #business #entrepreneur,"[{'text': 'startup', 'indices': [144, 152]}, {'text': 'business', 'indices': [153, 162]}, {'text': 'entrepreneur', 'indices': [163, 176]}]",en,,1,2022-04-01 00:00:00.000000
353,1353,seekdivinetruth,,,10,4903,100,2020-01-01 00:00:00,1523523659075252224,2022-05-09 04:42:00.681,5,"@LSynkovska @mykpy @Mariamarta410 @LenaSwan @PatronDsns @fusinaterritor @ma_snu @GDRovec @Vika7Victoria @oleg6581 So deserved @PatronDsns! 🥇🇺🇦🐶

And this little hero worked overtime the last weeks, no wonder he sometimes falls asleep. If only he knew how much people have fallen in love with him.  😍

#Patron #ServiceDog #DogsOfTwitter #StopTheWar #StandWithUkraine
https://t.co/vszfkHPkZ9 https://t.co/tPY22G8oPd",[],en,,0,2022-04-01 00:00:00.000000
354,1354,CatholicNewsIRL,,,10,5055,100,2020-01-01 00:00:00,1628360093422043143,2023-02-22 11:44:34.396,0,"Archbishop Martin calls for prayers ahead of first anniversary of war in #Ukraine 
#LivingLent @ArchbishopEamon  
https://t.co/c1YRjOTRHV","[{'text': 'Ukraine', 'indices': [73, 81]}, {'text': 'LivingLent', 'indices': [83, 94]}]",en,,0,2022-04-01 00:00:00.000000
355,1355,TheChiefCoin,,,10,4472,100,2020-01-01 00:00:00,1526925002909655041,2022-05-18 13:57:44.245,1347,Honoured to receive the applications for #Finland's &amp; #Sweden's membership in #NATO. This is a good day at a critical time for our security. Your applications are an historic step. https://t.co/IH6Vj25FZK,"[{'text': 'Finland', 'indices': [62, 70]}, {'text': 'Sweden', 'indices': [79, 86]}, {'text': 'NATO', 'indices': [103, 108]}]",en,,0,2022-04-01 00:00:00.000000
356,1356,Toosterhofje,,,10,112,100,2020-01-01 00:00:00,1510434790541074436,2022-04-03 01:51:31.243,63,".@ua_parliament PM @GoncharenkoUa and Georgian volunteer address people from #Ukraine. “We are fighting for Ukraine, Georgia and we will absolutely win” - The volunteer says in Georgian. https://t.co/c0XnqD7EDQ","[{'text': 'Ukraine', 'indices': [97, 105]}]",en,,0,2022-04-01 00:00:00.000000
357,1357,RomanMoksha,,,10,5,100,2020-01-01 00:00:00,1516177910809432066,2022-04-18 22:12:37.817,0,"The battle for Donbass has begun. There are fights all over the front line.
#RussianUkrainianWar #UkraineRussiaWar https://t.co/gkDKn7Ekhp","[{'text': 'RussianUkrainianWar', 'indices': [76, 96]}, {'text': 'UkraineRussiaWar', 'indices': [97, 114]}]",en,,0,2022-04-01 00:00:00.000000
358,1358,noindifferenza,,,10,58,100,2020-01-01 00:00:00,1629425946070601728,2023-02-25 10:19:53.470,126,"Se la Russia smette di combattere, non ci sarà più la guerra.
Se l’Ucraina smette di combattere, non ci sarà più l’Ucraina.

Ad un anno dall’invasione russa, è giusto ribadire che l’Italia sostiene e sosterrà il popolo ucraino, dalla parte giusta. #SlavaUkraini 🇺🇦 https://t.co/EucI18Kxvx","[{'text': 'SlavaUkraini', 'indices': [248, 261]}]",it,,0,2022-04-01 00:00:00.000000
359,1359,stephbriggsuk,,,10,4390,100,2020-01-01 00:00:00,1648335900386967553,2023-04-18 14:41:17.909,35,"☺️

#Ukraine #UkraineRussiaWar #UkraineWar #Leopard #CatsOfTwitter #CatsOnTwitter #RussiaisATerroistState #UkraineWarNews #UAarmy #Zelensky #UkraineRussiaWar️ https://t.co/5xmwLZl6XJ","[{'text': 'Ukraine', 'indices': [4, 12]}, {'text': 'UkraineRussiaWar', 'indices': [13, 30]}, {'text': 'UkraineWar', 'indices': [31, 42]}, {'text': 'Leopard', 'indices': [43, 51]}, {'text': 'CatsOfTwitter', 'indices': [52, 66]}, {'text': 'CatsOnTwitter', 'indices': [67, 81]}, {'text': 'RussiaisATerroistState', 'indices': [82, 105]}, {'text': 'UkraineWarNews', 'indices': [106, 121]}, {'text': 'UAarmy', 'indices': [122, 129]}, {'text': 'Zelensky', 'indices': [130, 139]}, {'text': 'UkraineRussiaWar️', 'indices': [140, 158]}]",und,,0,2022-04-01 00:00:00.000000
360,1360,schidly,,,10,459,100,2020-01-01 00:00:00,1511675093054803971,2022-04-06 12:00:02.406,4,"The Russian invasion force and its proxies are covering their tracks in #Mariupol, following the global outrage surrounding #Bucha.

#Ukraine 🇺🇦 https://t.co/FrlTG6IUd2","[{'text': 'Mariupol', 'indices': [90, 99]}]",en,,0,2022-04-01 00:00:00.000000
361,1361,davidviretlange,,,10,376,100,2020-01-01 00:00:00,1511428824499728385,2022-04-05 19:41:27.407,65,"PARCE QU'IL EST IMPORTANT QUE CELA SOIT VU !
Malgré la violence des images, ne pas detourner le regard sur l'impensable et impardonnable brutalité des troupes russes contre les enfants d'Ukraine. 
A diffuser. 
#Ukraine #PoutineAssassin
#UkraineWar #Ukraine https://t.co/RpU4kpkYOS",[],fr,,0,2022-04-01 00:00:00.000000
362,1362,EveKugs,,,10,447,100,2020-01-01 00:00:00,1636534808472854528,2023-03-17 01:07:58.343,596,"#Sweden will transfer 10 Leopard 2 tanks and air defense equipment to #Ukraine, #US Defense Minister Lloyd Austin said after a meeting in the Ramstein format. He did not specify which air defense systems he was referring to. In February, Stockholm promised to transfer Hawk and… https://t.co/6Sw6g8NHbS https://t.co/IdoBnkDu6Y","[{'text': 'Sweden', 'indices': [0, 7]}, {'text': 'Ukraine', 'indices': [70, 78]}, {'text': 'US', 'indices': [80, 83]}]",en,,0,2022-04-01 00:00:00.000000
363,1363,VivianAaron5,,,10,1688,100,2020-01-01 00:00:00,1648032894542139392,2023-04-17 18:37:15.686,0,Check out this new framed print that I uploaded to https://t.co/f1IowKhpIZ! https://t.co/Qe6juFIkrk #MothersDay #uniquegifts #BuyIntoArt #art #WomensRights #Vegan #ClimateEmergency #Democracy #NRABloodMoney #GOPHypocrisy #Resisters #GenZ #GenZVotes #LBGTQ #Artists #Russia #Trump,"[{'text': 'MothersDay', 'indices': [100, 111]}, {'text': 'uniquegifts', 'indices': [112, 124]}, {'text': 'BuyIntoArt', 'indices': [125, 136]}, {'text': 'art', 'indices': [137, 141]}, {'text': 'WomensRights', 'indices': [142, 155]}, {'text': 'Vegan', 'indices': [156, 162]}, {'text': 'ClimateEmergency', 'indices': [163, 180]}, {'text': 'Democracy', 'indices': [181, 191]}, {'text': 'NRABloodMoney', 'indices': [192, 206]}, {'text': 'GOPHypocrisy', 'indices': [207, 220]}, {'text': 'Resisters', 'indices': [221, 231]}, {'text': 'GenZ', 'indices': [232, 237]}, {'text': 'GenZVotes', 'indices': [238, 248]}, {'text': 'LBGTQ', 'indices': [249, 255]}, {'text': 'Artists', 'indices': [256, 264]}, {'text': 'Russia', 'indices': [265, 272]}, {'text': 'Trump', 'indices': [273, 279]}]",en,,0,2022-04-01 00:00:00.000000
364,1364,RodrigueOssi,,,10,1902,100,2020-01-01 00:00:00,1643828353823133696,2023-04-06 04:09:55.062,0,"La porte-parole de la Diplomatie russe dénonce les ""menaces"" de la #France. #Ukraine #UkraineRussiaWar #UkraineWar #Russia
https://t.co/Mnoept1D3f

Download Now
https://t.co/UdcxNIcGnD","[{'text': 'France', 'indices': [67, 74]}, {'text': 'Ukraine', 'indices': [76, 84]}, {'text': 'UkraineRussiaWar', 'indices': [85, 102]}, {'text': 'UkraineWar', 'indices': [103, 114]}, {'text': 'Russia', 'indices': [115, 122]}]",fr,,0,2022-04-01 00:00:00.000000
365,1365,rogue_corq,,,10,2027,100,2020-01-01 00:00:00,1631376463902416910,2023-03-02 19:30:33.160,0,#WarinUkraine Russians shelled 4 communities in Dnipropetrovsk region: private houses and cars damaged https://t.co/XqzTivajhM,"[{'text': 'WarinUkraine', 'indices': [0, 13]}]",en,,0,2022-04-01 00:00:00.000000
366,1366,dario_dioni,,,10,1209,100,2020-01-01 00:00:00,1641184439484010496,2023-03-29 21:03:56.762,40,#Russia #Ucraina I prossimi mesi saranno il periodo più importante per il futuro dell'umanità dal 1945 ad oggi. A seconda della direzione che prenderà la guerra in Ucraina tutto sarà deciso. Solo la sconfitta russa potrà garantire all'Occidente di continuare a vivere 1/,"[{'text': 'Russia', 'indices': [0, 7]}, {'text': 'Ucraina', 'indices': [8, 16]}]",it,,0,2022-04-01 00:00:00.000000
367,1367,stilgar_it,,,10,593,100,2020-01-01 00:00:00,1631285781183561730,2023-03-02 13:30:12.715,1,"#VelenoQB 🇺🇸🇨🇳

GLI STATI UNITI LAVORANO CON GLI ALLEATI PER IMPORRE SANZIONI CONTRO LA CINA

Fingiamo stupore ..

#2marzo #Cina #USA #EU
#Europa #NATO #Russia 
#XiJinping #UkraineWar 
#Biden 

https://t.co/EPfAlaqDyD","[{'text': 'VelenoQB', 'indices': [0, 9]}, {'text': '2marzo', 'indices': [115, 122]}, {'text': 'Cina', 'indices': [123, 128]}, {'text': 'USA', 'indices': [129, 133]}, {'text': 'EU', 'indices': [134, 137]}, {'text': 'Europa', 'indices': [138, 145]}, {'text': 'NATO', 'indices': [146, 151]}, {'text': 'Russia', 'indices': [152, 159]}, {'text': 'XiJinping', 'indices': [161, 171]}, {'text': 'UkraineWar', 'indices': [172, 183]}, {'text': 'Biden', 'indices': [185, 191]}]",it,,0,2022-04-01 00:00:00.000000
368,1368,yoga_and_more,,,10,23153,100,2020-01-01 00:00:00,1526900651673980930,2022-05-18 12:20:58.458,0,@Katyper97117749 @Michsteer @merabethjames @ExistentialAut1 @Carlabela1 @summerkins_ @carolcoppie Thank you very much 🌷🌸🌈🦋🤸‍♂️you are very welcome 💐 and #ffback 🌈 🌞 🌞 🌞 I hope you have a wonderful Wednesday 🌞 🌞 🌞 with a lot of sunshine ☀ ☀️ ☀️ and many beautiful moments 🌸 🌻 🌼 🌸 💮 🌺 🍃 🌿 🌱 #StandWithUkraine 🇺🇦 🌈 https://t.co/ggwRQycYiI,"[{'text': 'ffback', 'indices': [153, 160]}, {'text': 'StandWithUkraine', 'indices': [289, 306]}]",en,,0,2022-04-01 00:00:00.000000
369,1369,DaveHume20,,,10,437,100,2020-01-01 00:00:00,1618526362398248961,2023-01-26 08:28:50.218,0,"@SniperFella Yay!!!
#CrushRussia #RussiaIsCollapsing #RussuaIsANaziState #RussiaIsATerroristState https://t.co/jQOXPLnC1s","[{'text': 'CrushRussia', 'indices': [20, 32]}, {'text': 'RussiaIsCollapsing', 'indices': [33, 52]}, {'text': 'RussuaIsANaziState', 'indices': [53, 72]}, {'text': 'RussiaIsATerroristState', 'indices': [73, 97]}]",und,,0,2022-04-01 00:00:00.000000
370,1370,KleinShuii,,,10,9,100,2020-01-01 00:00:00,1585005237139812352,2022-10-25 20:27:51.164,1,"@DefenceU This needs to be retweeted around the globe! If even one russian surrenders because of this tweet, it was worth it!
#SlavaUkraïni 
#RussiansGoHome","[{'text': 'SlavaUkraïni', 'indices': [126, 139]}, {'text': 'RussiansGoHome', 'indices': [141, 156]}]",en,,10,2022-04-01 00:00:00.000000
371,1371,PureVenomzz,,,10,80,100,2020-01-01 00:00:00,1525893824282873862,2022-05-15 17:40:12.102,40,Corpses of dozens #Russia'n soldiers stored in refrigerated wagons in #Kharkiv after recent battles north of the city https://t.co/uNHsHTdsLt,"[{'text': 'Russia', 'indices': [35, 42]}, {'text': 'Kharkiv', 'indices': [87, 95]}]",en,,0,2022-04-01 00:00:00.000000
372,1372,AcceptingPessim,,,10,4,100,2020-01-01 00:00:00,1608193252783431680,2022-12-28 20:08:44.906,0,@Maks_NAFO_FELLA Maybe #russia should just ask the folks in that region that want to move to Russia to move to 🇷🇺.  #Ukraine,"[{'text': 'russia', 'indices': [23, 30]}, {'text': 'Ukraine', 'indices': [116, 124]}]",en,,0,2022-04-01 00:00:00.000000
373,1373,KateMobij,,,10,623,100,2020-01-01 00:00:00,1629747433046507522,2023-02-26 07:37:21.938,861,"Bravo à ce journaliste ! Il a tout dit !
#Ukraine 
#UkraineWar https://t.co/4G3LAQZkKY","[{'text': 'Ukraine', 'indices': [41, 49]}, {'text': 'UkraineWar', 'indices': [51, 62]}]",fr,,0,2022-04-01 00:00:00.000000
374,1374,MohammadBajaba,,,10,175,100,2020-01-01 00:00:00,1518057682044964864,2022-04-24 02:42:10.204,0,"#Germany Is Displacing #AfghanRefugees to Make Way for #Ukrainians

https://t.co/57S365cKWN","[{'text': 'Germany', 'indices': [0, 8]}, {'text': 'AfghanRefugees', 'indices': [23, 38]}, {'text': 'Ukrainians', 'indices': [55, 66]}]",en,,0,2022-04-01 00:00:00.000000
375,1375,TFConsult,,,10,1475,100,2020-01-01 00:00:00,1643652701815750656,2023-04-05 16:31:56.360,0,"Welcome #FinlandNATO ... well remembering the day in 1999 when the #CzechRepublic, #Hungary and #Poland became members of #NATO. 

https://t.co/ZGoFA4N9aq

#NATOfinland https://t.co/aA9ZsQHoKU","[{'text': 'FinlandNATO', 'indices': [8, 20]}, {'text': 'CzechRepublic', 'indices': [67, 81]}, {'text': 'Hungary', 'indices': [83, 91]}, {'text': 'Poland', 'indices': [96, 103]}, {'text': 'NATO', 'indices': [122, 127]}, {'text': 'NATOfinland', 'indices': [156, 168]}]",en,,0,2022-04-01 00:00:00.000000
376,1376,g5marketnet,,,10,90,100,2020-01-01 00:00:00,1519451711101882368,2022-04-27 23:01:32.631,7,#DPR forces with #Russian army keep advancing in Popsnaya settlement #Donbass https://t.co/QaZsJ4C7gO,"[{'text': 'DPR', 'indices': [21, 25]}, {'text': 'Russian', 'indices': [38, 46]}, {'text': 'Donbass', 'indices': [90, 98]}]",en,,0,2022-04-01 00:00:00.000000
377,1377,FuckPutinBot,,,10,140,100,2020-01-01 00:00:00,1531977372248965124,2022-06-01 12:34:02.964,0,"Idi Jebi se, Putin!
(Croatian)

#Ukraine #PutinWarCrimes #FuckPutin #UkraineUnderAttack","[{'text': 'Ukraine', 'indices': [32, 40]}, {'text': 'PutinWarCrimes', 'indices': [41, 56]}, {'text': 'FuckPutin', 'indices': [57, 67]}, {'text': 'UkraineUnderAttack', 'indices': [68, 87]}]",in,,0,2022-04-01 00:00:00.000000
378,1378,Mitchif1,,,10,1696,100,2020-01-01 00:00:00,1514035231338115074,2022-04-13 00:18:23.222,213,"We strongly condemn this act of violent aggression by Russia. There is simply no justification for the premeditated war we are now witnessing.

Our thoughts tonight are with the people of #Ukraine, and we fear for the potential human costs this will bring.
https://t.co/k55VN5s0GS",[],en,,0,2022-04-01 00:00:00.000000
379,1379,space_force_ops,,,10,83,100,2020-01-01 00:00:00,1625733309207834624,2023-02-15 05:46:40.236,0,@DonaldJTrumpJr Race-baiting is worse than being racist because those that race-bait are racist. #HappyValentinesDay #joker2 #Bitcoin #Ukraine #antifa #blm,"[{'text': 'HappyValentinesDay', 'indices': [97, 116]}, {'text': 'joker2', 'indices': [117, 124]}, {'text': 'Bitcoin', 'indices': [125, 133]}, {'text': 'Ukraine', 'indices': [134, 142]}, {'text': 'antifa', 'indices': [143, 150]}, {'text': 'blm', 'indices': [151, 155]}]",en,,0,2022-04-01 00:00:00.000000
380,1380,JLic20,,,10,22,100,2020-01-01 00:00:00,1510612131921768449,2022-04-03 13:36:12.723,0,"#Ukraine️ #Kyiv #skybar #KIEV 
@Klitschko 

🪖 Sky Army 🇺🇦
https://t.co/EVVN1i60TU","[{'text': 'Ukraine️', 'indices': [0, 9]}, {'text': 'Kyiv', 'indices': [10, 15]}, {'text': 'skybar', 'indices': [16, 23]}, {'text': 'KIEV', 'indices': [24, 29]}]",und,,0,2022-04-01 00:00:00.000000
381,1381,ga_haile,,,10,3633,100,2020-01-01 00:00:00,1630235370062491649,2023-02-27 15:56:15.188,0,"""The victims of Ethiopian atrocities demand justice."" by @mrubin1971

Their is no sustainable peace with out justice!!

So dear @BWoodward_UN @mbachelet @NadaNashif @hickspeggy  @IntlCrimCourt @UN_HRC assure #Justice4Tigray &amp; #TigrayGenocide
@UNOSAPG 
@UNHumanRights 
@UN_Women https://t.co/2oMaI30o6j","[{'text': 'Justice4Tigray', 'indices': [208, 223]}, {'text': 'TigrayGenocide', 'indices': [230, 245]}]",en,,0,2022-04-01 00:00:00.000000
382,1382,santoshsaagr,,,10,169,100,2020-01-01 00:00:00,1582708106949074947,2022-10-19 12:19:52.648,0,"#Putin declares #martiallaw in #Ukraine 's #Donetsk  #Luhansk #Kherson and #Zaporizhzhia regions.
#RussiaUkraineWar #UkraineRussiaWar https://t.co/YiBanbxGjk","[{'text': 'Putin', 'indices': [0, 6]}, {'text': 'martiallaw', 'indices': [16, 27]}, {'text': 'Ukraine', 'indices': [31, 39]}, {'text': 'Donetsk', 'indices': [43, 51]}, {'text': 'Luhansk', 'indices': [53, 61]}, {'text': 'Kherson', 'indices': [62, 70]}, {'text': 'Zaporizhzhia', 'indices': [75, 88]}, {'text': 'RussiaUkraineWar', 'indices': [98, 115]}, {'text': 'UkraineRussiaWar', 'indices': [116, 133]}]",en,,2,2022-04-01 00:00:00.000000
383,1383,roodnitsky,,,10,212,100,2020-01-01 00:00:00,1526354627247185922,2022-05-17 00:11:16.090,132,"не хочу нічого і нікого, ніяких європ, америк і їхніх фальшивих картинок ідеальних правильних життів.
нічого і нікого, окрім України і українців. все інше не має значення.

#ꑭ
#SaveAzovstal
#SaveAzov
#SaveMariupol",[],uk,,0,2022-04-01 00:00:00.000000
384,1384,denis_babin,,,10,1937,100,2020-01-01 00:00:00,1633078904763162624,2023-03-07 12:15:26.691,8,"En #Ukraine, des citoyens bravent le danger pour distribuer de la nourriture et des sourires à ceux qui refusent de quitter leur maison dévastée.

Le reportage de @belangerjf au #TJ22h https://t.co/cx9DQmHAGe","[{'text': 'Ukraine', 'indices': [3, 11]}, {'text': 'TJ22h', 'indices': [178, 184]}]",fr,,0,2022-04-01 00:00:00.000000
385,1385,LaceysHouseINT,,,10,25,100,2020-01-01 00:00:00,1572914870227537922,2022-09-22 11:45:03.064,0,"Reparations For Black America: #Reparations #ReparationsNOW #Africa #Africans #Insults #Akata #BlackAmericans #Slavery #Biden #America #Israel #TaxDollars #PayMe #40AcresAndAMule #Russia #QueenElizabethII #Ghana #OnlyGroupNotPaidReparations 

https://t.co/Mi72s8LYBt","[{'text': 'Reparations', 'indices': [31, 43]}, {'text': 'ReparationsNOW', 'indices': [44, 59]}, {'text': 'Africa', 'indices': [60, 67]}, {'text': 'Africans', 'indices': [68, 77]}, {'text': 'Insults', 'indices': [78, 86]}, {'text': 'Akata', 'indices': [87, 93]}, {'text': 'BlackAmericans', 'indices': [94, 109]}, {'text': 'Slavery', 'indices': [110, 118]}, {'text': 'Biden', 'indices': [119, 125]}, {'text': 'America', 'indices': [126, 134]}, {'text': 'Israel', 'indices': [135, 142]}, {'text': 'TaxDollars', 'indices': [143, 154]}, {'text': 'PayMe', 'indices': [155, 161]}, {'text': '40AcresAndAMule', 'indices': [162, 178]}, {'text': 'Russia', 'indices': [179, 186]}, {'text': 'QueenElizabethII', 'indices': [187, 204]}, {'text': 'Ghana', 'indices': [205, 211]}, {'text': 'OnlyGroupNotPaidReparations', 'indices': [212, 240]}]",en,,0,2022-04-01 00:00:00.000000
386,1386,SergeantsSupper,,,10,3066,100,2020-01-01 00:00:00,1569651287964413953,2022-09-13 11:36:44.418,0,"Supporting those that need it the most. 

#ukrainecounteroffensive #Ukraine️ #UkraineUnderAttack #UkraineRussia https://t.co/qPTyeAvjRv","[{'text': 'ukrainecounteroffensive', 'indices': [42, 66]}, {'text': 'Ukraine️', 'indices': [67, 76]}, {'text': 'UkraineUnderAttack', 'indices': [77, 96]}, {'text': 'UkraineRussia', 'indices': [97, 111]}]",en,,0,2022-04-01 00:00:00.000000
387,1387,B_a_k_i1,,,10,193,100,2020-01-01 00:00:00,1517471806768226306,2022-04-22 11:54:06.653,24,"Zum ersten Mal seit Corona bin ich wieder in New York. Auch hier gibt es vor allem ein Thema: Den 🇷🇺 Angriffskrieg gegen die #Ukraine. Mit Henry Kissinger habe ich besprochen, was der Krieg für die Zukunft Europas und die Zukunft des transatlantischen Verhältnisses bedeutet. https://t.co/msylbTQgyf",[],de,,0,2022-04-01 00:00:00.000000
388,1388,JoeDoge6,,,10,284,100,2020-01-01 00:00:00,1523983626949607424,2022-05-10 11:09:45.568,0,"#Ukraine #UkraineRussianWar #UkraineWar #Russia #NATO #USA #Selenskyj #England #GB #Germany
+++⚡️More and more soldiers are complaining +++
Zelensky's regime in Kiev is slowly coming under domestic political pressure. More and more soldiers are complaining about being burned https://t.co/6OoImRMGgH","[{'text': 'Ukraine', 'indices': [0, 8]}, {'text': 'UkraineRussianWar', 'indices': [9, 27]}, {'text': 'UkraineWar', 'indices': [28, 39]}, {'text': 'Russia', 'indices': [40, 47]}, {'text': 'NATO', 'indices': [48, 53]}, {'text': 'USA', 'indices': [54, 58]}, {'text': 'Selenskyj', 'indices': [59, 69]}, {'text': 'England', 'indices': [70, 78]}, {'text': 'GB', 'indices': [79, 82]}, {'text': 'Germany', 'indices': [83, 91]}]",en,,1,2022-04-01 00:00:00.000000
389,1389,CitizensSummons,,,10,1024,100,2020-01-01 00:00:00,1516517579266867206,2022-04-19 20:42:21.088,4,"Unsere Mahnwachen Soli - Kerzen Aktion für Frieden weltweit.🕊️🕊️🕊️
Gegen jede Form von Zerstörung, Ausbeutung und Unterdrückung!

#LützerathBleibt
#AlleDörferBleiben
#Peace 
#StandWithUkraine🇺🇦

Video : @Tomaydo1  🍅

https://t.co/UJkuk54LXL https://t.co/Y8LhFZ3dEJ",[],de,,0,2022-04-01 00:00:00.000000
390,1390,avegelina,,,10,7,100,2020-01-01 00:00:00,1605173148219068418,2022-12-20 12:07:55.867,0,@bts_bighit IT WILL BE A RUTHLESS ACT IN RESPECT OF UKRAINIAN ARMY TO RELEASE THE CONCERT IN RUSSIA #RussiaIsATerroristState,"[{'text': 'RussiaIsATerroristState', 'indices': [100, 124]}]",en,,1,2022-04-01 00:00:00.000000
391,1391,FuckPutinBot,,,10,283,100,2020-01-01 00:00:00,1642443509994074113,2023-04-02 08:27:02.564,0,"Pumunta fuck iyong sarili, Putin!
(Filipino)

#UkraineUnderAttack #PutinsWar #RussiaInvadedUkraine #StopRussianAggression","[{'text': 'UkraineUnderAttack', 'indices': [46, 65]}, {'text': 'PutinsWar', 'indices': [66, 76]}, {'text': 'RussiaInvadedUkraine', 'indices': [77, 98]}, {'text': 'StopRussianAggression', 'indices': [99, 121]}]",tl,,0,2022-04-01 00:00:00.000000
392,1392,FuckPutinBot,,,10,285,100,2020-01-01 00:00:00,1609061298079252481,2022-12-31 05:38:03.032,0,"Go fuck yourself, Putin!
(English)

#PutinWarCrimes #RussiaInvadedUkraine #UkraineRussiaWar #PutinsWar","[{'text': 'PutinWarCrimes', 'indices': [36, 51]}, {'text': 'RussiaInvadedUkraine', 'indices': [52, 73]}, {'text': 'UkraineRussiaWar', 'indices': [74, 91]}, {'text': 'PutinsWar', 'indices': [92, 102]}]",en,,0,2022-04-01 00:00:00.000000
393,1393,NileshJoshi07,,,10,592,100,2020-01-01 00:00:00,1520702884643426304,2022-05-01 09:53:15.649,57,"'In the case of India, there is a relationship that goes back decades. And #Russia, for #India, was out of necessity a partner of choice when we were not in a position to be a partner' - #US Secy of State A Blinken

 https://t.co/lrcPJhn0Yg

#IndoUS #America #UkraineRussiaWar https://t.co/AOErunN1sE","[{'text': 'Russia', 'indices': [95, 102]}, {'text': 'India', 'indices': [108, 114]}]",en,,0,2022-04-01 00:00:00.000000
394,1394,Jjorge702,,,10,1392,100,2020-01-01 00:00:00,1588121227041841153,2022-11-03 10:49:41.049,0,"@R_Malmierca @MINCEX_CUBA #SOSCuba 

Todo eso es un esquematismos propagandístico sin resultados para el pueblo esclavo de #Cuba porque el único #Bloqueo que existe es el de la cúpula de #RaúlCastro sobre los cubanos.
Comercialicen con #China, #Rusia, la @UEenCuba, #NorthKorea, #México, etc.
@ONU_es 
@UN","[{'text': 'SOSCuba', 'indices': [26, 34]}, {'text': 'Cuba', 'indices': [123, 128]}, {'text': 'Bloqueo', 'indices': [145, 153]}, {'text': 'RaúlCastro', 'indices': [187, 198]}, {'text': 'China', 'indices': [236, 242]}, {'text': 'Rusia', 'indices': [244, 250]}, {'text': 'NorthKorea', 'indices': [266, 277]}, {'text': 'México', 'indices': [279, 286]}]",es,,0,2022-04-01 00:00:00.000000
395,1395,Grnfink2,,,10,3456,100,2020-01-01 00:00:00,1527562171701403648,2022-05-20 08:09:37.123,0,"Täuscht ihn der Eindruck?
#Ukraine https://t.co/H7oWF07ugM","[{'text': 'Ukraine', 'indices': [26, 34]}]",de,,2,2022-04-01 00:00:00.000000
396,1396,AboutUkrainewar,,,10,60,100,2020-01-01 00:00:00,1646496396294471681,2023-04-13 12:51:45.957,0,"A fresh leak of classified US intelligence documents suggests broad infighting between Russian officials, including some within the Federal Security Service (FSB) and Defense Ministry, the New York Times reported Thursday.
#StopRussia","[{'text': 'StopRussia', 'indices': [223, 234]}]",en,,0,2022-04-01 00:00:00.000000
397,1397,asinaaurea,,,10,411,100,2020-01-01 00:00:00,1529775047707090949,2022-05-26 10:42:47.876,1,#ArmUkraineNow #SchwereSchuld #ScholzIstEineSchande #NieWiederSPD #LambrechtRücktritt #ScholzLuegt #StandWithUkraine️ https://t.co/wyr7vMnUtT,"[{'text': 'ArmUkraineNow', 'indices': [15, 29]}, {'text': 'SchwereSchuld', 'indices': [30, 44]}, {'text': 'ScholzIstEineSchande', 'indices': [45, 66]}, {'text': 'NieWiederSPD', 'indices': [67, 80]}, {'text': 'LambrechtRücktritt', 'indices': [81, 100]}, {'text': 'ScholzLuegt', 'indices': [101, 113]}, {'text': 'StandWithUkraine️', 'indices': [114, 132]}]",und,,0,2022-04-01 00:00:00.000000
398,1398,LucLanthierMD,,,10,1179,100,2020-01-01 00:00:00,1568771333529702400,2022-09-11 01:20:06.932,0,"On voit bien sur cette carte l’importance du noeud ferrovière qu’est Koupiansk. Tout le sud se cette ville est sous son contrôle.
#UkraineWillWin #Ukraine #RussiaIsLosing #StandWithUkraine https://t.co/CL3MYGkKez","[{'text': 'UkraineWillWin', 'indices': [130, 145]}, {'text': 'Ukraine', 'indices': [146, 154]}, {'text': 'RussiaIsLosing', 'indices': [155, 170]}, {'text': 'StandWithUkraine', 'indices': [171, 188]}]",fr,,2,2022-04-01 00:00:00.000000
399,1399,rogue_corq,,,10,1866,100,2020-01-01 00:00:00,1560959613528289282,2022-08-20 11:59:07.749,0,Fragments of Russian missile damaged several houses in Dnipropetrovsk region https://t.co/UM7JuHHLbD #Ukraine,"[{'text': 'Ukraine', 'indices': [101, 109]}]",en,,0,2022-04-01 00:00:00.000000
400,1400,benoitm_mtl,,,10,8832,100,2020-01-01 00:00:00,1629610901631295489,2023-02-25 22:34:50.312,2,"Une réalité dont peu osent le dire clairement, le jugement hâtif sans connaissance. Le jeu vaut la chandelle pour les sphères qui bénéficient de la #UkraineRussianWar Bill Gates dévoile l'#Ukraine mais les #medias n'en parle pas #OTAN #ue #ukrainerussia les raisons de Poutine ... https://t.co/cxXhDXx65i","[{'text': 'UkraineRussianWar', 'indices': [148, 166]}, {'text': 'Ukraine', 'indices': [188, 196]}, {'text': 'medias', 'indices': [206, 213]}, {'text': 'OTAN', 'indices': [229, 234]}, {'text': 'ue', 'indices': [235, 238]}, {'text': 'ukrainerussia', 'indices': [239, 253]}]",fr,,0,2022-04-01 00:00:00.000000
401,1401,AvaRebecca96,,,10,136,100,2020-01-01 00:00:00,1511912409216266242,2022-04-07 03:43:02.988,34,"People Before Profit TDs refuse to applaud Zelensky’s Dáil speech, as part of their anti #NATO expansionist stance. 

It’s a position they are entirely entitled to and deserve respect for. 

It’s called #Democracy  https://t.co/yIVomYi9tQ","[{'text': 'NATO', 'indices': [104, 109]}]",en,,0,2022-04-01 00:00:00.000000
402,1402,Knut_Knutsson,,,10,796,100,2020-01-01 00:00:00,1592774257289080832,2022-11-16 06:59:09.909,0,"Das Gespenst von 1917: im russischen Staats-TV vergleichen die Propagandisten mittlerweile die Situation in #Russland mit der Situation im November 1916, die zur Februarrevolution 1917 geführt hat. Dann sind es ja nur noch 2 Monate.. https://t.co/ly3VCWxYuu","[{'text': 'Russland', 'indices': [108, 117]}]",de,,5,2022-04-01 00:00:00.000000
403,1403,samuels95392574,,,10,42,100,2020-01-01 00:00:00,1635770807166304256,2023-03-14 22:32:06.237,289,"#Rusia 🇷🇺 Putin: ""Occidente busca hacernos pedazos, y nosotros luchamos por la existencia del propio Estado ruso""

➡️ El presidente ruso Vladímir Putin aseveró que en la situación actual los socios occidentales pelean para mejorar su posición geopolítica, mientras que Rusia lucha… https://t.co/tk06yAv0Ct https://t.co/rk5GVS1Q4d","[{'text': 'Rusia', 'indices': [0, 6]}]",es,,0,2022-04-01 00:00:00.000000
404,1404,JoelCarassio,,,10,471,100,2020-01-01 00:00:00,1523375060459098112,2022-05-08 18:51:32.010,0,2022: il y a des VENTES PRIVÉES d'huile de tournesol. À 5€ le litre. Tout. Va. Bien. #ukraine #huile https://t.co/k12G85tF90,"[{'text': 'ukraine', 'indices': [85, 93]}, {'text': 'huile', 'indices': [94, 100]}]",fr,,0,2022-04-01 00:00:00.000000
405,1405,BUebelhoe,,,10,182,100,2020-01-01 00:00:00,1621419474044784643,2023-02-03 08:05:01.786,0,@twidderix Zudem müsste nach der Logik ja jede in #Russland produzierte AK dann Russland quasi angreifen denn mehr als ein Waffensystem ist es ja nicht.. da sitzen schließlich keine dt Soldaten drin..,"[{'text': 'Russland', 'indices': [50, 59]}]",de,,0,2022-04-01 00:00:00.000000
406,1406,va_dick,,,10,247,100,2020-01-01 00:00:00,1636371926099857408,2023-03-16 14:20:44.159,0,тре тепер передивитись https://t.co/TyDJcgtpBk,[],ru,,0,2022-04-01 00:00:00.000000
407,1407,FuckPutinBot,,,10,278,100,2020-01-01 00:00:00,1646236757078188033,2023-04-12 19:40:03.144,0,"Иди трахнуйся, Путин!
(Russian)

#RussiaWarCrimes #StandWithUkraine #UkraineUnderAttack #RussianWarCrimes","[{'text': 'RussiaWarCrimes', 'indices': [33, 49]}, {'text': 'StandWithUkraine', 'indices': [50, 67]}, {'text': 'UkraineUnderAttack', 'indices': [68, 87]}, {'text': 'RussianWarCrimes', 'indices': [88, 105]}]",ru,,0,2022-04-01 00:00:00.000000
408,1408,fmx7ven81,,,10,59,100,2020-01-01 00:00:00,1521875364951252997,2022-05-04 15:32:16.738,0,"Das lang ersehnte Ziel der GRÜNEN - insbesondere für Herrn Habeck, der mit Deutschland bis heute nichts anzufangen weiß - endlich in greifbarer Nähe.

#GRUENE #Habeck #Deutschland #GrueneKriegstreiber #GasEmbargo #Oelembargo #BuReg #Waffenlieferungen 

https://t.co/0YfcQEcSao","[{'text': 'GRUENE', 'indices': [151, 158]}, {'text': 'Habeck', 'indices': [159, 166]}, {'text': 'Deutschland', 'indices': [167, 179]}, {'text': 'GrueneKriegstreiber', 'indices': [180, 200]}, {'text': 'GasEmbargo', 'indices': [201, 212]}, {'text': 'Oelembargo', 'indices': [213, 224]}, {'text': 'BuReg', 'indices': [225, 231]}, {'text': 'Waffenlieferungen', 'indices': [232, 250]}]",de,,1,2022-04-01 00:00:00.000000
409,1409,Joker_RTL,,,10,819,100,2020-01-01 00:00:00,1630723543020478466,2023-03-01 00:16:04.691,7,"#ULTIMOMINUTO
#Ucrania va contra Putin hace unas horas 
fue atacado el aeropuerto de #Yeisk en #Rusia. Informes preliminares apuntan a un drone kamikaze ucraniano. https://t.co/pPaQjl36mG","[{'text': 'ULTIMOMINUTO', 'indices': [0, 13]}, {'text': 'Ucrania', 'indices': [14, 22]}, {'text': 'Yeisk', 'indices': [85, 91]}, {'text': 'Rusia', 'indices': [95, 101]}]",es,,0,2022-04-01 00:00:00.000000
410,1410,E_4_Jupiter,,,10,123,100,2020-01-01 00:00:00,1521290665757487107,2022-05-03 00:48:53.587,0,"#Putin is using military in Poland against civilians to do #annihilation. 

The government of Poland is acting against health and safety. Furthermore is organizing #crimesagainsthumanity. 

A #report from the last 3 months #time should be required how many people died in Poland. https://t.co/xssKLRunbl","[{'text': 'Putin', 'indices': [0, 6]}, {'text': 'annihilation', 'indices': [59, 72]}, {'text': 'crimesagainsthumanity', 'indices': [164, 186]}, {'text': 'report', 'indices': [192, 199]}, {'text': 'time', 'indices': [223, 228]}]",en,,0,2022-04-01 00:00:00.000000
411,1411,RalfGrahn,,,10,6561,100,2020-01-01 00:00:00,1521696190395559937,2022-05-04 03:40:18.195,0,"#Finland, #NATO and #Russia 
https://t.co/DLlY7ypuS0","[{'text': 'Finland', 'indices': [0, 8]}, {'text': 'NATO', 'indices': [10, 15]}, {'text': 'Russia', 'indices': [20, 27]}]",und,,0,2022-04-01 00:00:00.000000
412,1412,lizsteel199,,,10,433,100,2020-01-01 00:00:00,1529299497909506048,2022-05-25 03:13:07.969,73,"⚡️📣While Filming My upcoming Frontline report I filmed 2 #Ukrainian Rocket attacks hitting not far from us on the Frontline.
Full Frontline Special report coming VERY soon
#Ukraine #Russia #RussiaUkraineWar #RussianSoldiers  #Russians https://t.co/1dQKATfkJE","[{'text': 'Ukrainian', 'indices': [74, 84]}]",en,,0,2022-04-01 00:00:00.000000
413,1413,EmmaSdv,,,10,111,100,2020-01-01 00:00:00,1513931741815263241,2022-04-12 17:27:09.397,6528,"🇺🇦 Le mot ""macroner"" est né en #Ukraine. Définition : ""se montrer très inquiet d’une situation, mais ne rien faire, en fait"", un néologisme inspiré d'Emmanuel #Macron ""dont on ne se souvient pas pour une aide réelle, mais pour ses photos préoccupées de l’Élysée"". (Le Parisien)","[{'text': 'Ukraine', 'indices': [47, 55]}]",fr,,0,2022-04-01 00:00:00.000000
414,1414,fm80funkymusic,,,10,324,100,2020-01-01 00:00:00,1635039251111849986,2023-03-12 22:05:09.682,0,"► UNIQUE - What I Got Is What You Need. on  https://t.co/GzXTob8ZO4 

#NowPlaying #Live #Onair #Disco #Funk #Soul #Hits #80s #Funky #Groove #Music #Musique #Internet #Radio #InternetRadio #OnlineRadio #Webradio #Cannes #France #Listen #Listennow #Followus #Donate #SupportUkraine https://t.co/ysl9uNiBWo","[{'text': 'NowPlaying', 'indices': [70, 81]}, {'text': 'Live', 'indices': [82, 87]}, {'text': 'Onair', 'indices': [88, 94]}, {'text': 'Disco', 'indices': [95, 101]}, {'text': 'Funk', 'indices': [102, 107]}, {'text': 'Soul', 'indices': [108, 113]}, {'text': 'Hits', 'indices': [114, 119]}, {'text': '80s', 'indices': [120, 124]}, {'text': 'Funky', 'indices': [125, 131]}, {'text': 'Groove', 'indices': [132, 139]}, {'text': 'Music', 'indices': [140, 146]}, {'text': 'Musique', 'indices': [147, 155]}, {'text': 'Internet', 'indices': [156, 165]}, {'text': 'Radio', 'indices': [166, 172]}, {'text': 'InternetRadio', 'indices': [173, 187]}, {'text': 'OnlineRadio', 'indices': [188, 200]}, {'text': 'Webradio', 'indices': [201, 210]}, {'text': 'Cannes', 'indices': [211, 218]}, {'text': 'France', 'indices': [219, 226]}, {'text': 'Listen', 'indices': [227, 234]}, {'text': 'Listennow', 'indices': [235, 245]}, {'text': 'Followus', 'indices': [246, 255]}, {'text': 'Donate', 'indices': [256, 263]}, {'text': 'SupportUkraine', 'indices': [264, 279]}]",en,,0,2022-04-01 00:00:00.000000
415,1415,rueruecityx,,,10,41,100,2020-01-01 00:00:00,1527917723640279040,2022-05-21 07:42:27.311,21715,"IamUkraine Studio Announces Groundbreaking Zelenskiy's NFT Collection Launch to Support Ukraine.

Discord :
https://t.co/XPnXFt5vKA

#ZelenskiyNFT #StayWithUkraine #PrayForUkraine #Zelenskyy #StandWithUkraine #IamUkraine #HelpUkraine #SupportUkraine   

https://t.co/To6gVOpzRt https://t.co/I5GDFP0lZH",[],en,,0,2022-04-01 00:00:00.000000
416,1416,epaphotos,,,10,14481,100,2020-01-01 00:00:00,1579483199247220736,2022-10-10 14:45:14.736,0,"epa's editor’s choice 10 October 2022

see the full selection: https://t.co/SZaq99ALW0

subscribe here: https://t.co/3QPQcDFUh3

#WarInUkraine #BaliBombing #DengueFever #VenezuelaLandslide #NBA #MLB #MelbourneFashion #TateModern #editorschoice #epaphotos #visualizingtheworld https://t.co/ubmS4KQoPx","[{'text': 'WarInUkraine', 'indices': [129, 142]}, {'text': 'BaliBombing', 'indices': [143, 155]}, {'text': 'DengueFever', 'indices': [156, 168]}, {'text': 'VenezuelaLandslide', 'indices': [169, 188]}, {'text': 'NBA', 'indices': [189, 193]}, {'text': 'MLB', 'indices': [194, 198]}, {'text': 'MelbourneFashion', 'indices': [199, 216]}, {'text': 'TateModern', 'indices': [217, 228]}, {'text': 'editorschoice', 'indices': [229, 243]}, {'text': 'epaphotos', 'indices': [244, 254]}, {'text': 'visualizingtheworld', 'indices': [255, 275]}]",en,,0,2022-04-01 00:00:00.000000
417,1417,eStream_Studios,,,10,9321,100,2020-01-01 00:00:00,1527335815054909454,2022-05-19 17:10:09.493,0,Marvel Snap - Official Announcement Trailer and Gameplay First Look: The fastest card battler in the Multiverse! Assemble your MARVEL dream team in this action-packed 1v1… https://t.co/BKfcIe4PuE  | https://t.co/9PZsVIqjR3  | https://t.co/eKi4cP5ni2 #gaming #news #video https://t.co/JM8tauqhcV,"[{'text': 'gaming', 'indices': [250, 257]}, {'text': 'news', 'indices': [258, 263]}, {'text': 'video', 'indices': [264, 270]}]",en,,0,2022-04-01 00:00:00.000000
418,1418,pawellawinski,,,10,432,100,2020-01-01 00:00:00,1525405603262345217,2022-05-14 09:20:11.140,31,"#Lyman Update - #Russian forces are assaulting the villages of Novoselivka, Drobysheve, Yarova &amp; Dibrova as they try to break the #Ukrainian resistance around #Lyman. This is despite this territory being on the E side of the Donets River, which favors the #Russian forces. https://t.co/LdpgfEk8wA","[{'text': 'Lyman', 'indices': [20, 26]}, {'text': 'Russian', 'indices': [36, 44]}]",en,,0,2022-04-01 00:00:00.000000
419,1419,Feenwald,,,10,257,100,2020-01-01 00:00:00,1632362560740524032,2023-03-05 12:48:56.967,0,#seebruecke #luftbruecke #refugees #refugeeswelcome #UN #UNSC #UNGA #kabulluftbruecke #WARINUKRAINE #WarInEurope #PutinIsaWarCriminal #NoWar #NoWarWithRussia #nowarinukraine  #StopWar  #StopWarInUkraine  SWIFT  Neutralität  #UkraineUnderAttack #StandWithUkraine Kiev Kyiv #Kiew https://t.co/wvEBpzllQQ,"[{'text': 'seebruecke', 'indices': [0, 11]}, {'text': 'luftbruecke', 'indices': [12, 24]}, {'text': 'refugees', 'indices': [25, 34]}, {'text': 'refugeeswelcome', 'indices': [35, 51]}, {'text': 'UN', 'indices': [52, 55]}, {'text': 'UNSC', 'indices': [56, 61]}, {'text': 'UNGA', 'indices': [62, 67]}, {'text': 'kabulluftbruecke', 'indices': [68, 85]}, {'text': 'WARINUKRAINE', 'indices': [86, 99]}, {'text': 'WarInEurope', 'indices': [100, 112]}, {'text': 'PutinIsaWarCriminal', 'indices': [113, 133]}, {'text': 'NoWar', 'indices': [134, 140]}, {'text': 'NoWarWithRussia', 'indices': [141, 157]}, {'text': 'nowarinukraine', 'indices': [158, 173]}, {'text': 'StopWar', 'indices': [175, 183]}, {'text': 'StopWarInUkraine', 'indices': [185, 202]}, {'text': 'UkraineUnderAttack', 'indices': [224, 243]}, {'text': 'StandWithUkraine', 'indices': [244, 261]}, {'text': 'Kiew', 'indices': [272, 277]}]",fi,,0,2022-04-01 00:00:00.000000
420,1420,humeijunhumeij1,,,10,26,100,2020-01-01 00:00:00,1633171829723463680,2023-03-07 18:24:41.728,14,"China was not the cause of or catalyst to the #Ukraine crisis, nor did it provide weapons to any party in the conflict. Why should China be blamed, sanctioned, pressured, or even threatened for the Ukraine crisis? It’s unacceptable: Chinese FM Qin Gang told GT at #TwoSessions https://t.co/kmpCk75tSU","[{'text': 'Ukraine', 'indices': [46, 54]}, {'text': 'TwoSessions', 'indices': [264, 276]}]",en,,0,2022-04-01 00:00:00.000000
421,1421,noahbenjamin,,,10,8299,100,2020-01-01 00:00:00,1629526524582871041,2023-02-25 16:59:33.256,360,"Polish media accidently recorded #Zelensky's double when they covered #Biden's visit to #Kyiv
#Awkward https://t.co/F2ufQk76z0","[{'text': 'Zelensky', 'indices': [33, 42]}, {'text': 'Biden', 'indices': [70, 76]}, {'text': 'Kyiv', 'indices': [88, 93]}, {'text': 'Awkward', 'indices': [94, 102]}]",en,,0,2022-04-01 00:00:00.000000
422,1422,LadybugGreen7,,,10,2802,100,2020-01-01 00:00:00,1637253860606582784,2023-03-19 00:45:13.731,28,Time for the international community led by the ICC to now address horror in #Syria where systematic crimes against humanity being committed by #Assad since 2011 and only saved by #Putin when vetoed referral of #Syria to ICC in #UNSC in 2014 #BringingAssadToJustice #EndImpunity https://t.co/XNgodCyMN1 https://t.co/Wv4lNgWXo5,"[{'text': 'Syria', 'indices': [77, 83]}, {'text': 'Assad', 'indices': [144, 150]}, {'text': 'Putin', 'indices': [180, 186]}, {'text': 'Syria', 'indices': [211, 217]}, {'text': 'UNSC', 'indices': [228, 233]}, {'text': 'BringingAssadToJustice', 'indices': [242, 265]}, {'text': 'EndImpunity', 'indices': [266, 278]}]",en,,0,2022-04-01 00:00:00.000000
423,1423,doe_33hodge33,,,10,104,100,2020-01-01 00:00:00,1632070293635186693,2023-03-04 17:27:35.059,3,"😁 When in your presence someone stated the need for ""full restoration of the territorial integrity of #Ukraine"" https://t.co/NYYWVWOLk0","[{'text': 'Ukraine', 'indices': [102, 110]}]",en,,0,2022-04-01 00:00:00.000000
424,1424,MUFCjoe__,,,10,1288,100,2020-01-01 00:00:00,1568126409389785088,2022-09-09 06:37:25.035,0,GOLDBRIDGE’S TAKE ON NO EPL. #QueenElizabeth #Queen #IrishTwitter https://t.co/obDBwZTN3r,"[{'text': 'QueenElizabeth', 'indices': [29, 44]}, {'text': 'Queen', 'indices': [45, 51]}, {'text': 'IrishTwitter', 'indices': [52, 65]}]",en,,2,2022-04-01 00:00:00.000000
425,1425,PProvost7,,,10,118,100,2020-01-01 00:00:00,1520657397265707009,2022-05-01 06:52:30.613,1797,@EmmanuelMacron Occupez vous de la France au lieu de vous perdre dans un combat perdu et ayez du courage face aux américains qui vous manipule d’autant que  vous êtes en partie responsable de cette guerre en #Ukraine en n’ayant pas fait respecter les accords de #Minsk dont vous étiez le garant !,[],fr,,0,2022-04-01 00:00:00.000000
426,1426,V_Biriukov,,,10,1294,100,2020-01-01 00:00:00,1560592468415893505,2022-08-19 11:40:13.533,0,"Збираємо на Bayraktar для України! Вже, майже, 500 000€(!) 
Ранковий лайв дивитись тут! 
Latvijas Radio, Paldies 🇺🇦🇱🇻

#standwithukraine #stopwar #Latvia 

https://t.co/x5VIf5jyA2","[{'text': 'standwithukraine', 'indices': [119, 136]}, {'text': 'stopwar', 'indices': [137, 145]}, {'text': 'Latvia', 'indices': [146, 153]}]",uk,,3,2022-04-01 00:00:00.000000
427,1427,LordRibbonDance,,,10,0,100,2020-01-01 00:00:00,1526080372064374784,2022-05-16 06:01:28.559,86,"Eastern #Ukraine Update:

Ukrainian aviation continues to operate over #Russian-controlled settlements near #Izyum. Ukrainian artillery struck Russian armor and positions approximately 65 km north of Izyum with support from Ukrainian drones.
https://t.co/Sd8HoGLk9b https://t.co/F1KlqjcSth","[{'text': 'Ukraine', 'indices': [27, 35]}, {'text': 'Russian', 'indices': [90, 98]}, {'text': 'Izyum', 'indices': [127, 133]}]",en,,0,2022-04-01 00:00:00.000000
428,1428,WriteMyEssays__,,,10,15637,100,2020-01-01 00:00:00,1627519383101751296,2023-02-20 04:03:53.436,0,"PAY us to HELP in your DUE:

-Homework
-Assignment
-Online class
-Essay
-Exams
#Homeworkslave 
#Essay pay
#Gust
#Assignmentdue

WhatsApp +1 763 308 8810
Email: crucialessays@gmail.com

#HBCU #gramfam26 #Gramfam25 #GramFam24 #Gramfam23 #Gramfam22 #Gramblingstateuniversity 
#USA","[{'text': 'Homeworkslave', 'indices': [79, 93]}, {'text': 'Essay', 'indices': [95, 101]}, {'text': 'Gust', 'indices': [106, 111]}, {'text': 'Assignmentdue', 'indices': [112, 126]}, {'text': 'HBCU', 'indices': [185, 190]}, {'text': 'gramfam26', 'indices': [191, 201]}, {'text': 'Gramfam25', 'indices': [202, 212]}, {'text': 'GramFam24', 'indices': [213, 223]}, {'text': 'Gramfam23', 'indices': [224, 234]}, {'text': 'Gramfam22', 'indices': [235, 245]}, {'text': 'Gramblingstateuniversity', 'indices': [246, 271]}, {'text': 'USA', 'indices': [273, 277]}]",en,,0,2022-04-01 00:00:00.000000
429,1429,tom_vert,,,10,175,100,2020-01-01 00:00:00,1523317540046663680,2022-05-08 15:02:58.075,0,"#HongKong: l’ex-chef de police #JohnLee choisi par Pékin pour diriger la ville
#Xi_Jinping  fonctionne comme #Putin: L’un &amp; l’autre décident pour les peuples, avec en prime la maltraitance des #ouïgours pour le 1*,  des #Ukrainiens pour le 2* #Mélenchon  https://t.co/ALfVYjqhlA","[{'text': 'HongKong', 'indices': [0, 9]}, {'text': 'JohnLee', 'indices': [31, 39]}, {'text': 'Xi_Jinping', 'indices': [79, 90]}, {'text': 'Putin', 'indices': [109, 115]}, {'text': 'ouïgours', 'indices': [197, 206]}, {'text': 'Ukrainiens', 'indices': [224, 235]}, {'text': 'Mélenchon', 'indices': [247, 257]}]",fr,,0,2022-04-01 00:00:00.000000
430,1430,SocciGianluca,,,10,320,100,2020-01-01 00:00:00,1520018632125857794,2022-04-29 12:34:17.136,1,Distorcere la realtà per difendere #Putin è l'ultima frontiera della paraculaggine. Oltre è un terreno ignoto.,"[{'text': 'Putin', 'indices': [35, 41]}]",it,,1,2022-04-01 00:00:00.000000
431,1431,RegnatP,,,10,186,100,2020-01-01 00:00:00,1514715627952525314,2022-04-14 21:22:02.416,170,"#Ukraine: A Su-34 fighter-bomber (RF-93823/""31 Red"") of the Russian Air Force was shot down. Although this image is previously unseen and comes from Ukrainian SOF, we aren't sure precisely where or when it was taken out- 2 previously seen Su-34 have unknown serial numbers so far. https://t.co/DoNojvdIxv","[{'text': 'Ukraine', 'indices': [15, 23]}]",en,,0,2022-04-01 00:00:00.000000
432,1432,MenassiStefano,,,10,186,100,2020-01-01 00:00:00,1579755295789973504,2022-10-11 08:46:27.607,0,@lucasofri A leggere certi tweet pare che in #Donbas prima di febbraio 2022 si vivesse in pace e serenamente.,"[{'text': 'Donbas', 'indices': [45, 52]}]",it,,0,2022-04-01 00:00:00.000000
433,1433,ErlingPlaethe,,,10,906,100,2020-01-01 00:00:00,1524299917287731200,2022-05-11 08:06:35.061,5,"#Russland führt #Krieg gegen die #Ukraine, Tausende Menschen sterben, 🇺🇦 Städte und Dörfer werden zerstört. In 🇩🇪beschäftigt man sich mit sich selbst und #Welzer belehrt die Ukraine. Besser, er hätte vorher die aktuellen Ukraine-Analysen gelesen: https://t.co/MssVEyo4ud https://t.co/uO448B31WS","[{'text': 'Russland', 'indices': [19, 28]}, {'text': 'Krieg', 'indices': [35, 41]}, {'text': 'Ukraine', 'indices': [52, 60]}]",de,,0,2022-04-01 00:00:00.000000
434,1434,We_Love_Trading,,,10,463,100,2020-01-01 00:00:00,1524467783207161856,2022-05-11 19:13:37.415,1,"Bulgarians massing against their govt in Sofia for it's Pro-Ukraine policy. They are calling for the resignation of the government.

You will see more of these protests in the future. 

#Ukrainewar #France #Europe #Russia  #Romania #Ukrainian #China #Putin #Donbass #Bulgaria https://t.co/asZjLZVyjG",[],en,,0,2022-04-01 00:00:00.000000
435,1435,Nicolasriveragz,,,10,112,100,2020-01-01 00:00:00,1646555438157303808,2023-04-13 16:46:22.634,252,The videos of atrocities in Russia’s war against #Ukraine circulating online are shocking and inhumane. They are yet another reminder of why #Russia must stop the aggression now. All perpetrators and those complicit in war crimes must be brought to justice.,"[{'text': 'Ukraine', 'indices': [49, 57]}, {'text': 'Russia', 'indices': [141, 148]}]",en,,0,2022-04-01 00:00:00.000000
436,1436,NewsExplorerFr,,,10,27,100,2020-01-01 00:00:00,1627931107474739200,2023-02-21 07:19:56.176,0,"#Ukraine En Ukraine, plus de 700 envahisseurs russes et 10 chars ont été détruits en une journée - État-major https://t.co/GoDhmyi2lJ","[{'text': 'Ukraine', 'indices': [0, 8]}]",fr,,0,2022-04-01 00:00:00.000000
437,1437,UKreality,,,10,1499,100,2020-01-01 00:00:00,1530254795948412930,2022-05-27 18:29:08.770,133,"#Ukraine: We looked more deeply into this FH70 - and we believe this particular example was supplied by Estonia. It has very distinctive 3-color camo and the most importantly the truck used to tow it is a MAN Kat 1 6x6 - as used by the Estonian army.
https://t.co/M4NAFHK10Q https://t.co/NF3TPZ2RzO","[{'text': 'Ukraine', 'indices': [15, 23]}]",en,,0,2022-04-01 00:00:00.000000
438,1438,LewStuhl,,,10,25,100,2020-01-01 00:00:00,1624181404270739456,2023-02-10 22:59:57.266,1,"If you have not already, please read this now. Then, tweet about it. The mainstream media is supressing this news because it goes against the official narrative.

https://t.co/XxsP6o4PPr #NordstreamSabotage #Nordstream2 #Norway #USA #Russia #Germany #Ukraine️ #NATO #Hersh","[{'text': 'NordstreamSabotage', 'indices': [187, 206]}, {'text': 'Nordstream2', 'indices': [207, 219]}, {'text': 'Norway', 'indices': [220, 227]}, {'text': 'USA', 'indices': [228, 232]}, {'text': 'Russia', 'indices': [233, 240]}, {'text': 'Germany', 'indices': [241, 249]}, {'text': 'Ukraine️', 'indices': [250, 259]}, {'text': 'NATO', 'indices': [260, 265]}, {'text': 'Hersh', 'indices': [266, 272]}]",en,,1,2022-04-01 00:00:00.000000
439,1439,Atlantic_ally,,,10,15,100,2020-01-01 00:00:00,1636708423550005251,2023-03-17 12:37:51.403,2,"#New: Slovak government decided to send Slovakia’s all 13 MiG-29 fighter jets to Ukraine!

#Slovakia #mig29 #UkraineRussianWar https://t.co/e8ESltNwCR","[{'text': 'New', 'indices': [0, 4]}, {'text': 'Slovakia', 'indices': [91, 100]}, {'text': 'mig29', 'indices': [101, 107]}, {'text': 'UkraineRussianWar', 'indices': [108, 126]}]",en,,2,2022-04-01 00:00:00.000000
440,1440,7_wedi,,,10,237,100,2020-01-01 00:00:00,1517291939137212418,2022-04-21 23:59:22.868,116,Millions in #Tigray need urgent humanitarian assistance now. #FoodForTigray #EndTigraySiege #EndTigrayFamine #UNICEFActNow #WFPActNow #UNActNow @micdunford @WFP @PowerUSAID @UNICEF @UNOCHA @eu_echo,"[{'text': 'Tigray', 'indices': [32, 39]}, {'text': 'FoodForTigray', 'indices': [81, 95]}, {'text': 'EndTigraySiege', 'indices': [96, 111]}, {'text': 'EndTigrayFamine', 'indices': [112, 128]}]",en,,0,2022-04-01 00:00:00.000000
441,1441,libertycap69,,,10,1317,100,2020-01-01 00:00:00,1647338732536700928,2023-04-15 20:38:54.567,21,"#RussiaIsANaziState
#RussiaIsANaziState
 #RussiaIsANaziState
#RussiaIsANaziState
 #RussiaIsANaziState
#RussiaIsANaziState
 #RussiaIsANaziState
#RussiaIsANaziState
 #RussiaIsANaziState
#RussiaIsANaziState
 #RussiaIsANaziState
#RussiaIsANaziState
 #RussiaIsANaziState… https://t.co/Y6LU30Ngnc","[{'text': 'RussiaIsANaziState', 'indices': [0, 19]}, {'text': 'RussiaIsANaziState', 'indices': [20, 39]}, {'text': 'RussiaIsANaziState', 'indices': [41, 60]}, {'text': 'RussiaIsANaziState', 'indices': [61, 80]}, {'text': 'RussiaIsANaziState', 'indices': [82, 101]}, {'text': 'RussiaIsANaziState', 'indices': [102, 121]}, {'text': 'RussiaIsANaziState', 'indices': [123, 142]}, {'text': 'RussiaIsANaziState', 'indices': [143, 162]}, {'text': 'RussiaIsANaziState', 'indices': [164, 183]}, {'text': 'RussiaIsANaziState', 'indices': [184, 203]}, {'text': 'RussiaIsANaziState', 'indices': [205, 224]}, {'text': 'RussiaIsANaziState', 'indices': [225, 244]}, {'text': 'RussiaIsANaziState', 'indices': [246, 265]}]",und,,0,2022-04-01 00:00:00.000000
442,1442,gal_atsb,,,10,754,100,2020-01-01 00:00:00,1526481093339267072,2022-05-17 08:33:47.956,308,"&gt;2 weeks since the #IC told us #Ethiopia declared “humanitarian truce” in #Tigray. So, why is no humanitarian aid entering #Tigray? @WFP @PowerUSAID @UNICEF @UNOCHA @UN @UNGeneva @antonioguterres @SecBlinken #HumanitarianAidForTigrayNow","[{'text': 'IC', 'indices': [43, 46]}, {'text': 'Ethiopia', 'indices': [55, 64]}, {'text': 'Tigray', 'indices': [98, 105]}]",en,,0,2022-04-01 00:00:00.000000
443,1443,falsitaumana,,,10,60,100,2020-01-01 00:00:00,1510862925078175744,2022-04-04 06:12:46.471,0,"#UkraineRussiaWar #Zelenskyy  #Putin #Biden #Bucha difficile cercare di far vedere una realtà da folli, di una guerra folle! dare per oro colato una sola verità. ma in guerra la verità assoluta non esiste. follia cattiveria li accomuna. i civili per loro sono un danno collaterale https://t.co/EgC60aC0ZG","[{'text': 'UkraineRussiaWar', 'indices': [0, 17]}, {'text': 'Zelenskyy', 'indices': [18, 28]}, {'text': 'Putin', 'indices': [30, 36]}, {'text': 'Biden', 'indices': [37, 43]}, {'text': 'Bucha', 'indices': [44, 50]}]",it,,0,2022-04-01 00:00:00.000000
444,1444,jana139014000,,,10,17,100,2020-01-01 00:00:00,1613658346627948544,2023-01-12 22:05:04.815,0,"@like_mooooooon دختر ایران،
خالق او را شاد آفرید،
آزاد آزاد آفرید
پرواز کرد تا آرزو
زنجیر را باور نکرد...
🖤💚❤
#IRGCterrorists
#MahsaAmini
#فراخوان_۲۹_و_۳۰_دی","[{'text': 'IRGCterrorists', 'indices': [110, 125]}, {'text': 'MahsaAmini', 'indices': [126, 137]}, {'text': 'فراخوان_۲۹_و_۳۰_دی', 'indices': [138, 157]}]",fa,,0,2022-04-01 00:00:00.000000
445,1445,MilkaRFan,,,10,916,100,2020-01-01 00:00:00,1636256624439427072,2023-03-16 06:42:34.101,125,"#NATO Secretary General  @jensstoltenberg participated in the virtual 🇺🇦 #Ukraine Defense Contact Group meeting chaired by 🇺🇸 #US 
@SecDef Austin &amp; General Milley","[{'text': 'NATO', 'indices': [0, 5]}, {'text': 'Ukraine', 'indices': [73, 81]}, {'text': 'US', 'indices': [126, 129]}]",en,,0,2022-04-01 00:00:00.000000
446,1446,temafey,,,10,1564,100,2020-01-01 00:00:00,1623625511955046401,2023-02-09 10:11:02.210,2,"6 russians from 155 brigade, captivity 
#Ukraine #Vugledar https://t.co/YTB5agvt2f","[{'text': 'Ukraine', 'indices': [40, 48]}, {'text': 'Vugledar', 'indices': [49, 58]}]",en,,6,2022-04-01 00:00:00.000000
447,1447,bts_ismycomfort,,,10,1282,100,2020-01-01 00:00:00,1628246821255495680,2023-02-22 04:14:28.207,0,"I CANT JIMIN AAAAAAA 

FACE BY JIMIN
FACE IS COMING
JIMIN IS COMING
JIMIN SOLO ALBUM
PARK JIMIN IS COMING
JIMIN FACE FIRST SOLO ALBUM 
#지민 #Jimin #Jimin_FACE 💜 https://t.co/iw88THdwVV","[{'text': '지민', 'indices': [135, 138]}, {'text': 'Jimin', 'indices': [139, 145]}, {'text': 'Jimin_FACE', 'indices': [146, 157]}]",en,,0,2022-04-01 00:00:00.000000
448,1448,Julissand27,,,10,68,100,2020-01-01 00:00:00,1531967058614833153,2022-06-01 11:53:04.002,26,"🎊빌보드 핫 트렌딩 송 차트 연속 4주 1위🎊

지민아,진심으로 축하해💛
Congratulations Jimin 
PROUD OF YOU JIMIN

Continue listening to the beautiful song #WithYou by #JIMIN #BTSJIMIN of #BTS   @BTS_twt and Sungwoon https://t.co/ITHjHpOmdT",[],ko,,0,2022-04-01 00:00:00.000000
449,1449,viralnews_osint,,,10,242,100,2020-01-01 00:00:00,1623019831543881729,2023-02-07 18:04:16.747,0,Report: The Spurs are acquiring Dewayne Dedmon and a second round pick from the Heat #breaking #breakingnews #politics #usa #news #newsbreak #trending #entertainment #sports #hockey #baseball #tennis #football #markets #stock #sp500 https://t.co/nY3OZ7io8N,"[{'text': 'breaking', 'indices': [85, 94]}, {'text': 'breakingnews', 'indices': [95, 108]}, {'text': 'politics', 'indices': [109, 118]}, {'text': 'usa', 'indices': [119, 123]}, {'text': 'news', 'indices': [124, 129]}, {'text': 'newsbreak', 'indices': [130, 140]}, {'text': 'trending', 'indices': [141, 150]}, {'text': 'entertainment', 'indices': [151, 165]}, {'text': 'sports', 'indices': [166, 173]}, {'text': 'hockey', 'indices': [174, 181]}, {'text': 'baseball', 'indices': [182, 191]}, {'text': 'tennis', 'indices': [192, 199]}, {'text': 'football', 'indices': [200, 209]}, {'text': 'markets', 'indices': [210, 218]}, {'text': 'stock', 'indices': [219, 225]}, {'text': 'sp500', 'indices': [226, 232]}]",en,,1,2022-04-01 00:00:00.000000
450,1450,Loredan23086243,,,10,2186,100,2020-01-01 00:00:00,1638935977795231745,2023-03-23 16:09:21.721,12,"#Ucraina, consegnati a Kiev i primi 4 mig-29 slovacchi. L’ira di Mosca: consegna jet ""passo distruttivo"".

📰 @ultimoranet https://t.co/TWyeDOgIYD","[{'text': 'Ucraina', 'indices': [0, 8]}]",it,,0,2022-04-01 00:00:00.000000
451,1451,mamkaNNN,,,10,0,100,2020-01-01 00:00:00,1581913454033543169,2022-10-17 07:42:12.629,0,#RussiaisATerroistState @NATO @POTUS @vonderleyen @theresa_may @USATODAY @BBCWorld @Europarl_EN @NatGeo https://t.co/CuW7fkUeyq,"[{'text': 'RussiaisATerroistState', 'indices': [0, 23]}]",und,,0,2022-04-01 00:00:00.000000
452,1452,tarmas61,,,10,2070,100,2020-01-01 00:00:00,1643205999321567232,2023-04-04 10:56:54.186,156,"🇫🇮 💙 @FinMissionNATO 👏🏻👏🏼👏🏽

Today we rejoice with Finland, following their accession to @NATO. An important step forward for the country!

#NATO #JEF #StrongerTogether #WeAreNATO https://t.co/x7y7skU2YG","[{'text': 'NATO', 'indices': [140, 145]}, {'text': 'JEF', 'indices': [146, 150]}, {'text': 'StrongerTogether', 'indices': [151, 168]}, {'text': 'WeAreNATO', 'indices': [169, 179]}]",en,,0,2022-04-01 00:00:00.000000
453,1453,shoo_mjp,,,10,543,100,2020-01-01 00:00:00,1594225092397248512,2022-11-20 07:04:15.954,0,#DreamersbyJungkook #FIFAWorldCup  https://t.co/r4cuV4SBxd,"[{'text': 'DreamersbyJungkook', 'indices': [0, 19]}, {'text': 'FIFAWorldCup', 'indices': [20, 33]}]",und,,0,2022-04-01 00:00:00.000000
454,1454,MQLhuson,,,10,716,100,2020-01-01 00:00:00,1580619165970227200,2022-10-13 17:59:10.308,0,"[Live updates]24/7 Breaking News : https://t.co/T8T2uJM5CZ #breakingnews Is #Putin losing his far-right fans in the West? 
https://t.co/xqUPpGqZmJ","[{'text': 'breakingnews', 'indices': [59, 72]}, {'text': 'Putin', 'indices': [76, 82]}]",en,,0,2022-04-01 00:00:00.000000
455,1455,KayakSeaFishing,,,10,60,100,2020-01-01 00:00:00,1515986123205586951,2022-04-18 09:30:32.089,518,"Good morning from #Kherson region☕

In the last 24 hrs, our artillery and other units struck more than 100 targets on the Southern front. #Russians lost 60 troops and 16 units of equipment, including 3 tanks, 4 artillery pieces, 7 BMPs and other vehicles.

Glory to #Ukraine✊🏻🇺🇦 https://t.co/BrhRdNnyzf","[{'text': 'Kherson', 'indices': [39, 47]}]",en,,0,2022-04-01 00:00:00.000000
456,1456,ingrid_vre,,,10,79,100,2020-01-01 00:00:00,1586422752269172736,2022-10-29 18:20:33.107,0,@KyivIndependent #RussiaIsATerroristState,"[{'text': 'RussiaIsATerroristState', 'indices': [17, 41]}]",und,,2,2022-04-01 00:00:00.000000
457,1457,febr_____y,,,10,771,100,2020-01-01 00:00:00,1509830164024233986,2022-04-01 09:48:57.048,195,"‼️ Eight fuel tanks are burning in #Belgorod and there is a threat of fire spread to 16 more, said the Ministry of Emergency Situations.","[{'text': 'Belgorod', 'indices': [49, 58]}]",en,,0,2022-04-01 00:00:00.000000
458,1458,mog7546,,,10,54121,100,2020-01-01 00:00:00,1523484195363778561,2022-05-09 02:05:11.799,9,"#Ukraine: #Trudeau makes surprise visit amid war

The Prime Minister's Office says he is scheduled to meet Ukrainian President Volodymyr Zelenskyy to show #Canada's support for the country and its people.

#FCKPutin 
#MOG
 https://t.co/Zk7WIGyKAM","[{'text': 'Ukraine', 'indices': [13, 21]}, {'text': 'Trudeau', 'indices': [23, 31]}]",en,,0,2022-04-01 00:00:00.000000
459,1459,RaMtheMan,,,10,11,100,2020-01-01 00:00:00,1525728837283332097,2022-05-15 06:44:36.136,0,Breaking News: #Putin mit Kriegserklärung gegen den  #ESC - er weiß nur noch nicht wo die restlichen Panzer jetzt hinfahren sollen. #Eurovision,"[{'text': 'Putin', 'indices': [15, 21]}, {'text': 'ESC', 'indices': [53, 57]}, {'text': 'Eurovision', 'indices': [132, 143]}]",de,,0,2022-04-01 00:00:00.000000
460,1460,ChrisBu84901947,,,10,174,100,2020-01-01 00:00:00,1513101207719534595,2022-04-10 10:26:54.638,15,Well done @Petplan @ZacGoldsmith @Naturewatch_org #Ukraine https://t.co/axB2AVhQSD,"[{'text': 'Ukraine', 'indices': [65, 73]}]",en,,0,2022-04-01 00:00:00.000000
461,1461,andelkaburic02,,,10,12,100,2020-01-01 00:00:00,1531577397853798400,2022-05-31 10:04:41.637,9902,"This is #Mariupol. Dead bodies of Ukrainians rot at a supermarket. There are so many dead that there isn’t a capacity to bury them, even considering mass graves and mobile crematoriums. This should tell you everything you need to know about Russia’s war in Ukraine https://t.co/THI0S1v85O","[{'text': 'Mariupol', 'indices': [23, 32]}]",en,,0,2022-04-01 00:00:00.000000
462,1462,McnabbTeddy,,,10,4421,100,2020-01-01 00:00:00,1569782867667959810,2022-09-13 20:19:35.464,0,Yes this guy is the President of most powerful country in the world  #frightening  #Biden https://t.co/SVXhpVrwdM,"[{'text': 'frightening', 'indices': [69, 81]}, {'text': 'Biden', 'indices': [83, 89]}]",en,,0,2022-04-01 00:00:00.000000
463,1463,pil_ax89,,,10,1,100,2020-01-01 00:00:00,1622644770089893888,2023-02-06 17:13:55.128,0,"Austin powers, Starbucks, Walmart, WinCo, bill gates, atom bombs, everything this picture reminds me of #StudentStrike #Deployment #bank #WW3 #inflation #Cure #CANCER #COVID19 #work#BTC #Mentalhealth #stress #bordism #suffering #UkraineRussiaWar #shelter #NickiMinaj","[{'text': 'StudentStrike', 'indices': [104, 118]}, {'text': 'Deployment', 'indices': [119, 130]}, {'text': 'bank', 'indices': [131, 136]}, {'text': 'WW3', 'indices': [137, 141]}, {'text': 'inflation', 'indices': [142, 152]}, {'text': 'Cure', 'indices': [153, 158]}, {'text': 'CANCER', 'indices': [159, 166]}, {'text': 'COVID19', 'indices': [167, 175]}, {'text': 'Mentalhealth', 'indices': [186, 199]}, {'text': 'stress', 'indices': [200, 207]}, {'text': 'bordism', 'indices': [208, 216]}, {'text': 'suffering', 'indices': [217, 227]}, {'text': 'UkraineRussiaWar', 'indices': [228, 245]}, {'text': 'shelter', 'indices': [246, 254]}, {'text': 'NickiMinaj', 'indices': [255, 266]}]",en,,0,2022-04-01 00:00:00.000000
464,1464,selu_su2,,,10,2196,100,2020-01-01 00:00:00,1630418121797378048,2023-02-28 04:02:26.597,32,"Abiy &amp; his associates began a programme of hate speech against Tigrayans, calling them monsters &amp; saying they should be the last of their kind.

The @UN_HRC must deliver reliable 📌 justice for #TigrayGenocide &amp;
📌 #Justice4Tigray @UN_HRC @AsstSecStateAF https://t.co/32TN4l2kQ7","[{'text': 'TigrayGenocide', 'indices': [201, 216]}, {'text': 'Justice4Tigray', 'indices': [225, 240]}]",en,,0,2022-04-01 00:00:00.000000
465,1465,malganis13,,,10,36,100,2020-01-01 00:00:00,1640828397885571075,2023-03-28 21:29:09.830,127,"No suelo compartir videos sobre el frente, pero en este se muestra un detalle que pasa desapercibido.
Ucrania envía a una muerte segura a la gente del este de su país preferentemente.
Es un genocidio y limpieza étnica indirecta. #Ucrania https://t.co/2V2hd6SIiv","[{'text': 'Ucrania', 'indices': [229, 237]}]",es,,0,2022-04-01 00:00:00.000000
466,1466,DrPongs,,,10,282,100,2020-01-01 00:00:00,1645302677759246340,2023-04-10 05:48:21.280,96,#Russian religious persecutions are likely also part of an ongoing Russian cultural genocide and ethnic cleansing campaign aimed at extirpating the idea of an independent Ukrainian nationality or Ukrainian Orthodox Church. 4/4 https://t.co/MvqecSgMmg,"[{'text': 'Russian', 'indices': [0, 8]}]",en,,0,2022-04-01 00:00:00.000000
467,1467,kuisnonduality,,,10,875,100,2020-01-01 00:00:00,1513013494190276613,2022-04-10 04:38:22.103,5063,"Had a phone conversation with @JustinTrudeau. Thanked for supporting the #StandUpForUkraine initiative, for CAD 1 billion of financial assistance and USD 500 million of additional defensive support. Stronger together!","[{'text': 'StandUpForUkraine', 'indices': [90, 108]}]",en,,0,2022-04-01 00:00:00.000000
468,1468,Mary89980299,,,10,126,100,2020-01-01 00:00:00,1511744590814011394,2022-04-06 16:36:11.963,15492,Russians began using MOBILE CREMATORIUMS in #Mariupol to burn bodies of slaughtered Ukrainians en masse. This is a catastrophe. And we will never learn the true scale of it,"[{'text': 'Mariupol', 'indices': [59, 68]}]",en,,0,2022-04-01 00:00:00.000000
469,1469,BombayBevo,,,10,2005,100,2020-01-01 00:00:00,1639135850683400192,2023-03-24 05:23:35.131,249,"The Ukrainian army is preparing a fatal counteroffensive for the Racists, will Putin's regime fall? ???  🫡 #SlavaUkraïni https://t.co/hkHbegNpoX","[{'text': 'SlavaUkraïni', 'indices': [107, 120]}]",en,,0,2022-04-01 00:00:00.000000
470,1470,BS58992094,,,10,41,100,2020-01-01 00:00:00,1515420721790521344,2022-04-16 20:03:49.887,2466,"A tank crisis in #Russia. Sanctions mean the tank manufacturing plants can’t import critical components. Ukrainian military skills mean more tanks get hit every day. Extinction of russian T-72, T-90 and T-14 coming soon.","[{'text': 'Russia', 'indices': [37, 44]}]",en,,0,2022-04-01 00:00:00.000000
471,1471,xJbTH21x,,,10,6,100,2020-01-01 00:00:00,1637489725429927937,2023-03-19 16:22:28.287,1785,"Have a staring contest with the leopards in the #HeartofIndia. 

P.S. They tend to win 

P.C:- @yashasnarayan

#indianwildlife #wildlife #jungles #bigcats #madhyapradesh #madhyapradeshtourism #mptourism #explore #travel #leopard #incredibleIndia #dekhoapnadesh https://t.co/PztD5MOPAN","[{'text': 'HeartofIndia', 'indices': [48, 61]}, {'text': 'indianwildlife', 'indices': [111, 126]}, {'text': 'wildlife', 'indices': [127, 136]}, {'text': 'jungles', 'indices': [137, 145]}, {'text': 'bigcats', 'indices': [146, 154]}, {'text': 'madhyapradesh', 'indices': [155, 169]}, {'text': 'madhyapradeshtourism', 'indices': [170, 191]}, {'text': 'mptourism', 'indices': [192, 202]}, {'text': 'explore', 'indices': [203, 211]}, {'text': 'travel', 'indices': [212, 219]}, {'text': 'leopard', 'indices': [220, 228]}, {'text': 'incredibleIndia', 'indices': [229, 245]}, {'text': 'dekhoapnadesh', 'indices': [246, 260]}]",en,,0,2022-04-01 00:00:00.000000
472,1472,ZubairA55699909,,,10,220,100,2020-01-01 00:00:00,1592774385693491201,2022-11-16 06:59:40.523,0,"#Russia launches two missiles into #NATO territory killing two people in Poland. We don't know how #Poland will react, nor how #RussianArmy will react, but the potential for a major escalation just happened.
#forexnews #SaudiArabia #XAUUSD #Qatar https://t.co/wqEQmsszUC","[{'text': 'Russia', 'indices': [0, 7]}, {'text': 'NATO', 'indices': [35, 40]}, {'text': 'Poland', 'indices': [99, 106]}, {'text': 'RussianArmy', 'indices': [127, 139]}, {'text': 'forexnews', 'indices': [208, 218]}, {'text': 'SaudiArabia', 'indices': [219, 231]}, {'text': 'XAUUSD', 'indices': [232, 239]}, {'text': 'Qatar', 'indices': [240, 246]}]",en,,0,2022-04-01 00:00:00.000000
473,1473,mungh_bat,,,10,83,100,2020-01-01 00:00:00,1630532531794878464,2023-02-28 11:37:04.066,110,"CEO of Rheinmetall, Armin Papperger, disclosed in an interview that Ukraine received Skynex and Skyranger air defense system.

The air defense system was supposed to protect Berlin.

Source: https://t.co/E7ANc3g7nv

#Germany #Ukraine https://t.co/uSFIK28n21","[{'text': 'Germany', 'indices': [216, 224]}, {'text': 'Ukraine', 'indices': [225, 233]}]",en,,0,2022-04-01 00:00:00.000000
474,1474,Saksham33472711,,,10,129,100,2020-01-01 00:00:00,1579139921549611008,2022-10-09 16:01:10.955,3,"Russia ने Ukraine के रिहायशी इलाके पर 10 मिसाइलें दागीं, 12 लोगों की मौत हो गई है और करीब 40 से ज्यादा लोग घायल हैं. 

#Russia #Ukraine #RussiaUkraineWar

WW3","[{'text': 'Russia', 'indices': [119, 126]}, {'text': 'Ukraine', 'indices': [127, 135]}, {'text': 'RussiaUkraineWar', 'indices': [136, 153]}]",hi,,4,2022-04-01 00:00:00.000000
475,1475,KarstenIver,,,10,245,100,2020-01-01 00:00:00,1641102055438794752,2023-03-29 15:36:34.875,0,"@RayJPolitics1 @ZelenskyyUa Interesting Ukraine Facts:
Ukraine had one of the Lowest Birth Rates of any nation on Earth before the war.
1/4 of Ukrainians have Left Ukraine.
Men between the ages of 18 and 60 have no right to leave Ukraine.

#UkraineWar #Ukraine #UkraineRussianWar","[{'text': 'UkraineWar', 'indices': [240, 251]}, {'text': 'Ukraine', 'indices': [252, 260]}, {'text': 'UkraineRussianWar', 'indices': [261, 279]}]",en,,1,2022-04-01 00:00:00.000000
476,1476,JavierAstari,,,10,316,100,2020-01-01 00:00:00,1526132156774375426,2022-05-16 09:27:14.996,0,Parece un saludo nazi. Es similar. Tuvo que producerse un eclipse para no verlo #Ucrania #nazis #Azov #Rusia https://t.co/bghNaKSBff,"[{'text': 'Ucrania', 'indices': [80, 88]}, {'text': 'nazis', 'indices': [89, 95]}, {'text': 'Azov', 'indices': [96, 101]}, {'text': 'Rusia', 'indices': [102, 108]}]",es,,0,2022-04-01 00:00:00.000000
477,1477,Teinformo24h,,,10,1370,100,2020-01-01 00:00:00,1630282051210424322,2023-02-27 19:01:44.841,0,"#URGENTE 🚨 Continúa la creciente concentración de fuerzas de #Ucrania a lo largo de la frontera con #Transnistria. Las primeras unidades mecanizadas aparecieron en la región fronteriza. Desde hace varios días, los ucranianos han estado enviando más tropas .","[{'text': 'URGENTE', 'indices': [0, 8]}, {'text': 'Ucrania', 'indices': [61, 69]}, {'text': 'Transnistria', 'indices': [100, 113]}]",es,,1,2022-04-01 00:00:00.000000
478,1478,I_ampara_n0id,,,10,121,100,2020-01-01 00:00:00,1527330709433507847,2022-05-19 16:49:52.218,14,"Uncle Sam is always open for business!
#Buffalo
#Ukraine 
@MintPressNews https://t.co/VydU1XNhhl","[{'text': 'Buffalo', 'indices': [59, 67]}, {'text': 'Ukraine', 'indices': [68, 76]}]",en,,0,2022-04-01 00:00:00.000000
479,1479,brxs,,,10,445,100,2020-01-01 00:00:00,1582478844745117696,2022-10-18 21:08:52.279,0,@_l_ragnar_l__ @openeysdown @ralf_rat #RussiaIsATerroristState https://t.co/WRVQJVUE4l,"[{'text': 'RussiaIsATerroristState', 'indices': [38, 62]}]",und,,0,2022-04-01 00:00:00.000000
480,1480,FoundationVeer,,,10,1071,100,2020-01-01 00:00:00,1514501366940585984,2022-04-14 07:10:38.610,0,"#RT @UN: RT @UNWebTV: 🎬 Watch LIVE presser on global impact of the war in #Ukraine on food, energy and finance systems w/@UN Chief @antonioguterres, @AminaJMohammed &amp; @RGrynspan from @UNCTAD

🗓️13 April 2022 | 🕛12:00 PM (EST) https://t.co/TkFrXoNBgK","[{'text': 'RT', 'indices': [0, 3]}, {'text': 'Ukraine', 'indices': [74, 82]}]",en,,0,2022-04-01 00:00:00.000000
481,1481,krotyukalex,,,10,84,100,2020-01-01 00:00:00,1635257009946894338,2023-03-13 12:30:27.434,0,@bupsiket В поліклініці буде за 500 грн,[],uk,,0,2022-04-01 00:00:00.000000
482,1482,markwileman1960,,,10,1612,100,2020-01-01 00:00:00,1638295222991069185,2023-03-21 21:43:13.871,9,"⚡️Check out this week's Ukraine Justice Report:
- Does Ukraine Need a New Tribunal or a Stronger ICC?
- From Traffic Accidents to War Crimes
- Pilot Who Bombed Kharkiv TV Tower Convicted
- Justice Briefing
#Ukraine #UkraineRussianWar #RussianWarCrimes
https://t.co/rLuKF1Vhyk","[{'text': 'Ukraine', 'indices': [206, 214]}, {'text': 'UkraineRussianWar', 'indices': [215, 233]}, {'text': 'RussianWarCrimes', 'indices': [234, 251]}]",en,,0,2022-04-01 00:00:00.000000
483,1483,GingerNutRanger,,,10,168,100,2020-01-01 00:00:00,1583610947444568064,2022-10-22 00:07:26.596,0,"#Covid required independent &amp; non-bias leadership.
#Brexit required independent &amp; non-bias leadership.
#UkraineWar requires independent &amp; non-bias leadership.
#TheCostOfLivingCrisis requires independent &amp; non-bias leadership.","[{'text': 'Covid', 'indices': [0, 6]}, {'text': 'Brexit', 'indices': [55, 62]}, {'text': 'UkraineWar', 'indices': [111, 122]}, {'text': 'TheCostOfLivingCrisis', 'indices': [171, 193]}]",en,,0,2022-04-01 00:00:00.000000
484,1484,Jc_Monroym,,,10,11714,100,2020-01-01 00:00:00,1634784035019825152,2023-03-12 05:11:01.424,2,"El que decían que era ""el nuevo Clásico"": 8 victorias consecutivas del #América entre Liga y Liguilla, ante #Tigres. Así, NO puede ser Clásico. Igual, pueden seguir intentando...","[{'text': 'América', 'indices': [71, 79]}, {'text': 'Tigres', 'indices': [108, 115]}]",es,,59,2022-04-01 00:00:00.000000
485,1485,scipaper1,,,10,360,100,2020-01-01 00:00:00,1526941472167235585,2022-05-18 15:03:10.822,1,"""I don't know what the world is coming to"" / The era of wars, hatred, destruction, violence and genocide https://t.co/cWXTaaaX4k #war #amelkin #panpsychorealism #panpsychorealismus #contemporaryart https://t.co/A8WsMP2n4J","[{'text': 'war', 'indices': [129, 133]}, {'text': 'amelkin', 'indices': [134, 142]}, {'text': 'panpsychorealism', 'indices': [143, 160]}, {'text': 'panpsychorealismus', 'indices': [161, 180]}, {'text': 'contemporaryart', 'indices': [181, 197]}]",en,,4,2022-04-01 00:00:00.000000
486,1486,mixdevil66,,,10,3563,100,2020-01-01 00:00:00,1516799776108556302,2022-04-20 15:23:42.058,0,.@Waterstones launches scheme to raise £1m for #Ukraine. Bernardine Evaristo and Jasper Fforde are among the authors whose #books will be sold to raise money for @Oxfam’s appeal https://t.co/UuWShcyyEk 📚🇺🇦 https://t.co/dxTBpxb8P7,"[{'text': 'Ukraine', 'indices': [47, 55]}, {'text': 'books', 'indices': [123, 129]}]",en,,0,2022-04-01 00:00:00.000000
487,1487,peppe844,,,10,5556,100,2020-01-01 00:00:00,1511292478648897538,2022-04-05 10:39:40.023,145,"MP Oleksandr Feldman said that #Russian troops have almost completely destroyed the ecopark in #Kharkiv

Today by the end of the day a decision will be made to put the tigers and lions down, because their enclosures have been destroyed. https://t.co/aA98KFejhC","[{'text': 'Russian', 'indices': [45, 53]}, {'text': 'Kharkiv', 'indices': [109, 117]}]",en,,0,2022-04-01 00:00:00.000000
488,1488,Marisab79879802,,,10,3366,100,2020-01-01 00:00:00,1635604883188469768,2023-03-14 11:32:46.878,20,"Borgonovo ( La Verità ) :""I russi non muovono i migranti nel mediterraneo. L'Europa non fa nulla"".
#lariachetirala7 #Borgonovo #Crosetto #Wagner #Russia #migranti #UE #Putin #Africa
3/3 https://t.co/b3obEQbqSd","[{'text': 'lariachetirala7', 'indices': [99, 115]}, {'text': 'Borgonovo', 'indices': [116, 126]}, {'text': 'Crosetto', 'indices': [127, 136]}, {'text': 'Wagner', 'indices': [137, 144]}, {'text': 'Russia', 'indices': [145, 152]}, {'text': 'migranti', 'indices': [153, 162]}, {'text': 'UE', 'indices': [163, 166]}, {'text': 'Putin', 'indices': [167, 173]}, {'text': 'Africa', 'indices': [174, 181]}]",it,,0,2022-04-01 00:00:00.000000
489,1489,gigclaude,,,10,9,100,2020-01-01 00:00:00,1642967882345877506,2023-04-03 19:10:42.675,0,Amazing Switzerland 🇨🇭 #UkraineWar #RussiaUkraineWar #TrumpMugShot https://t.co/cPYxviqRM2,"[{'text': 'UkraineWar', 'indices': [23, 34]}, {'text': 'RussiaUkraineWar', 'indices': [35, 52]}, {'text': 'TrumpMugShot', 'indices': [53, 66]}]",en,,1,2022-04-01 00:00:00.000000
490,1490,FabioMangione4,,,10,308,100,2020-01-01 00:00:00,1650588107840933889,2023-04-24 19:50:46.010,45,"Sarebbe difficile in un anno come questo intonare Bella Ciao senza rivolgere un pensiero agli ucraini che nelle scorse settimane si sono svegliati e hanno ‘trovato l’invasor’ (Liliana Segre)
#25aprile #Ucraina https://t.co/DJvvekYflI","[{'text': '25aprile', 'indices': [191, 200]}, {'text': 'Ucraina', 'indices': [201, 209]}]",it,,0,2022-04-01 00:00:00.000000
491,1491,Darcie87538656,,,10,61,100,2020-01-01 00:00:00,1627789388003397636,2023-02-20 21:56:47.621,0,"@JackDetsch We must continue to support Ukraine, which is fighting not only for its territories and independence, but also for the democratic values of the world. Support it until its final victory!  #ArmUkraineNow #UkraineRussiaWar","[{'text': 'ArmUkraineNow', 'indices': [200, 214]}, {'text': 'UkraineRussiaWar', 'indices': [215, 232]}]",en,,0,2022-04-01 00:00:00.000000
492,1492,McNamara_Eoin,,,10,1794,100,2020-01-01 00:00:00,1635328907472961536,2023-03-13 17:16:09.140,2,"During #Brexit,a peaceful disagreement between friendly neighbours&amp;democracies,did Irish media allow same amount of space/air time to #British Ambassador to tell""UK side""to Irish audiences as with #Russian Ambassador #Filatov for #Russia's war in #Ukraine now?🤔Don't think so. https://t.co/4VNODBkNAI","[{'text': 'Brexit', 'indices': [7, 14]}, {'text': 'British', 'indices': [138, 146]}, {'text': 'Russian', 'indices': [201, 209]}, {'text': 'Filatov', 'indices': [221, 229]}, {'text': 'Russia', 'indices': [234, 241]}, {'text': 'Ukraine', 'indices': [251, 259]}]",en,,8,2022-04-01 00:00:00.000000
493,1493,jeanne_darzee,,,10,275,100,2020-01-01 00:00:00,1642940009777971203,2023-04-03 17:19:57.337,41,"💥 L'ancien chef de la CIA James Olson dit que #VladimirPutin pourrait être tué pour mettre fin à la guerre en #Ukraine.
« Si Poutine reste au pouvoir, il y aura une longue guerre parce qu'il n'abandonnera pas [...] Je n'exclurais pas le meurtre. Et ce sera la fin de la guerre."" https://t.co/pNgckClO2m","[{'text': 'VladimirPutin', 'indices': [46, 60]}, {'text': 'Ukraine', 'indices': [110, 118]}]",fr,,0,2022-04-01 00:00:00.000000
494,1494,ryouneko1,,,10,316,100,2020-01-01 00:00:00,1520339625004658688,2022-04-30 09:49:47.802,53,"🇺🇦#ukraine ウクライナの動物
昨日このワンコがレスキューされた。
1か月間3月には亡くなっている家族を
ただ横たわり、じっと待っていた

実は飼い主は倒壊したこの家の瓦礫下にまだ眠っている。ようやくこの子だけはレスキューされたけれど。
動物のようにこんなに信念や忠実な人間はいるのだろうか https://t.co/tab2jKVxEC","[{'text': 'ukraine', 'indices': [20, 28]}]",ja,,0,2022-04-01 00:00:00.000000
495,1495,rohmen21,,,10,160,100,2020-01-01 00:00:00,1594767380152045568,2022-11-21 18:59:07.430,0,"there will be a global currency reform coming into digital central bank money and they will regulate or ban all crypto to rule us, the riots in the #USA and #Russia are just a distraction from it #cryptocurrency #global","[{'text': 'USA', 'indices': [148, 152]}, {'text': 'Russia', 'indices': [157, 164]}, {'text': 'cryptocurrency', 'indices': [196, 211]}, {'text': 'global', 'indices': [212, 219]}]",en,,0,2022-04-01 00:00:00.000000
496,1496,UlfaniaEda,,,10,95,100,2020-01-01 00:00:00,1635039525142691840,2023-03-12 22:06:15.016,0,"‘More than ten attacks a day’: Fighting intensifies in Ukraine’s east • FRANCE 24 English
 #war #Germany #ukrainewar #Ukraine #Bakhmut
 https://t.co/l6r4yVszb6","[{'text': 'war', 'indices': [91, 95]}, {'text': 'Germany', 'indices': [96, 104]}, {'text': 'ukrainewar', 'indices': [105, 116]}, {'text': 'Ukraine', 'indices': [117, 125]}, {'text': 'Bakhmut', 'indices': [126, 134]}]",en,,0,2022-04-01 00:00:00.000000
497,1497,AthaWeldon,,,10,468,100,2020-01-01 00:00:00,1517376706490691585,2022-04-22 05:36:12.980,27,Satellite photos confirm Mariupol city officials’ claim yesterday of bodies being dumped en masse in trenches at Mahnush. Maxar says there are more than 200 mass graves there. ⁦@AP⁩ #Ukraine  https://t.co/gk6vkvb0oF,[],en,,0,2022-04-01 00:00:00.000000
498,1498,TNNavbharat,,,10,84896,100,2020-01-01 00:00:00,1599251686589026304,2022-12-04 03:58:09.399,0,"#BreakingNow: यूक्रेन के #Kharkiv में तेज हुई जंग, रूसी सेना ने ताबड़तोड़ मिसाइलें दागी; यूक्रेन का Mi-8 हेलीकॉप्टर मार गिराया

@AnchorAnurag @PreetiNegi_  #RussianArmy #Russia #Ukraine #RussiaUkraineWar https://t.co/TH7vG11nK8","[{'text': 'BreakingNow', 'indices': [0, 12]}, {'text': 'Kharkiv', 'indices': [25, 33]}, {'text': 'RussianArmy', 'indices': [156, 168]}, {'text': 'Russia', 'indices': [169, 176]}, {'text': 'Ukraine', 'indices': [177, 185]}, {'text': 'RussiaUkraineWar', 'indices': [186, 203]}]",hi,,4,2022-04-01 00:00:00.000000
499,1499,Ire_n_,,,10,86,100,2020-01-01 00:00:00,1525750744950919168,2022-05-15 08:11:39.331,220,PELOS DE PUNTA CON EL INGLÉS ❤️💙🤍🇬🇧 #Eurovision https://t.co/3QURHwtPbD,"[{'text': 'Eurovision', 'indices': [50, 61]}]",es,,0,2022-04-01 00:00:00.000000
